Workbook

Sheet Alimenti
A1: alimento | B1: kcal | C1: carboidrati_g | D1: proteine_g | E1: grassi_g | F1: fibra_g | G1: zuccheri_g | H1: grassi_saturi_g | I1: grassi_mono_g | J1: grassi_poli_g | K1: colesterolo_mg | L1: sodio_mg | M1: potassio_mg | N1: calcio_mg | O1: fosforo_mg | P1: magnesio_mg | Q1: ferro_mg | R1: zinco_mg | S1: vit_a_ug_rae | T1: vit_c_mg | U1: vit_d_ug | V1: vit_e_mg | W1: vit_b1_mg | X1: vit_b2_mg | Y1: vit_b3_mg | Z1: vit_b6_mg | AA1: folati_ug | AB1: vit_b12_ug | AC1: categoria | AD1: id | AE1: ruolo | AF1: stato | AG1: g_per_ml | AH1: porzione_unitaria_g | AI1: porzione_unitaria_descr | AJ1: all_glutine | AK1: all_latte | AL1: int_lattosio | AM1: all_uova | AN1: all_pesce | AO1: all_crostacei | AP1: all_molluschi | AQ1: all_frutta_guscio | AR1: all_arachidi | AS1: all_soia | AT1: all_sesamo | AU1: all_sedano | AV1: all_senape | AW1: all_solfiti | AX1: all_lupini | AY1: nichel | AZ1: fodmap_alto | BA1: allergeni_sintesi | BB1: kcal_da_macro | BC1: fonte | BD1: note
A2: Latte intero | B2: 64 | C2: 4.8 | D2: 3.3 | E2: 3.6 | F2: 0 | G2: 4.8 | H2: 2.1 | I2: 1 | J2: 0.1 | K2: 11 | L2: 43 | M2: 150 | N2: 119 | O2: 93 | P2: 11 | Q2: 0.03 | R2: 0.4 | S2: 37 | T2: 1 | U2: 0.1 | V2: 0.07 | W2: 0.04 | X2: 0.18 | Y2: 0.09 | Z2: 0.04 | AA2: 5 | AB2: 0.4 | AC2: Latte e latticini | AD2: latte_intero | AE2: misto | AF2: liquido | AG2: 1.03 | AJ2: 0 | AK2: 1 | AL2: 1 | AM2: 0 | AN2: 0 | AO2: 0 | AP2: 0 | AQ2: 0 | AR2: 0 | AS2: 0 | AT2: 0 | AU2: 0 | AV2: 0 | AW2: 0 | AX2: 0 | AY2: 0 | AZ2: 1 | BA2: =_xlfn.TEXTJOIN(", ",TRUE(),IF(AJ2=1,"glutine",IF(AJ2=2,"glutine (tracce)","")),IF(AK2=1,"latte",IF(AK2=2,"latte (tracce)","")),IF(AL2=1,"lattosio",IF(AL2=2,"lattosio (tracce)","")),IF(AM2=1,"uova",IF(AM2=2,"uova (tracce)","")),IF(AN2=1,"pesce",IF(AN2=2,"pesce (tracce)","")),IF(AO2=1,"crostacei",IF(AO2=2,"crostacei (tracce)","")),IF(AP2=1,"molluschi",IF(AP2=2,"molluschi (tracce)","")),IF(AQ2=1,"frutta a guscio",IF(AQ2=2,"frutta a guscio (tracce)","")),IF(AR2=1,"arachidi",IF(AR2=2,"arachidi (tracce)","")),IF(AS2=1,"soia",IF(AS2=2,"soia (tracce)","")),IF(AT2=1,"sesamo",IF(AT2=2,"sesamo (tracce)","")),IF(AU2=1,"sedano",IF(AU2=2,"sedano (tracce)","")),IF(AV2=1,"senape",IF(AV2=2,"senape (tracce)","")),IF(AW2=1,"solfiti",IF(AW2=2,"solfiti (tracce)","")),IF(AX2=1,"lupini",IF(AX2=2,"lupini (tracce)","")),IF(AY2=1,"nichel",IF(AY2=2,"nichel (tracce)","")),IF(AZ2=1,"FODMAP",IF(AZ2=2,"FODMAP (tracce)",""))) -> latte, lattosio, FODMAP | BB2: =ROUND(4*C2+4*D2+9*E2+2*N(F2),0) -> 65 | BC2: CREA – Tabelle di composizione degli alimenti
A3: Latte parzialmente scremato | B3: 46 | C3: 5 | D3: 3.5 | E3: 1.5 | F3: 0 | G3: 5 | H3: 1 | I3: 0.4 | J3: 0.06 | K3: 7 | L3: 44 | M3: 150 | N3: 120 | O3: 94 | P3: 11 | Q3: 0.03 | R3: 0.4 | S3: 18 | T3: 1 | U3: 0.03 | V3: 0.04 | W3: 0.04 | X3: 0.18 | Y3: 0.09 | Z3: 0.04 | AA3: 5 | AB3: 0.4 | AC3: Latte e latticini | AD3: latte_parzialmente_scremato | AE3: misto | AF3: liquido | AG3: 1.03 | AJ3: 0 | AK3: 1 | AL3: 1 | AM3: 0 | AN3: 0 | AO3: 0 | AP3: 0 | AQ3: 0 | AR3: 0 | AS3: 0 | AT3: 0 | AU3: 0 | AV3: 0 | AW3: 0 | AX3: 0 | AY3: 0 | AZ3: 1 | BA3: =_xlfn.TEXTJOIN(", ",TRUE(),IF(AJ3=1,"glutine",IF(AJ3=2,"glutine (tracce)","")),IF(AK3=1,"latte",IF(AK3=2,"latte (tracce)","")),IF(AL3=1,"lattosio",IF(AL3=2,"lattosio (tracce)","")),IF(AM3=1,"uova",IF(AM3=2,"uova (tracce)","")),IF(AN3=1,"pesce",IF(AN3=2,"pesce (tracce)","")),IF(AO3=1,"crostacei",IF(AO3=2,"crostacei (tracce)","")),IF(AP3=1,"molluschi",IF(AP3=2,"molluschi (tracce)","")),IF(AQ3=1,"frutta a guscio",IF(AQ3=2,"frutta a guscio (tracce)","")),IF(AR3=1,"arachidi",IF(AR3=2,"arachidi (tracce)","")),IF(AS3=1,"soia",IF(AS3=2,"soia (tracce)","")),IF(AT3=1,"sesamo",IF(AT3=2,"sesamo (tracce)","")),IF(AU3=1,"sedano",IF(AU3=2,"sedano (tracce)","")),IF(AV3=1,"senape",IF(AV3=2,"senape (tracce)","")),IF(AW3=1,"solfiti",IF(AW3=2,"solfiti (tracce)","")),IF(AX3=1,"lupini",IF(AX3=2,"lupini (tracce)","")),IF(AY3=1,"nichel",IF(AY3=2,"nichel (tracce)","")),IF(AZ3=1,"FODMAP",IF(AZ3=2,"FODMAP (tracce)",""))) -> latte, lattosio, FODMAP | BB3: =ROUND(4*C3+4*D3+9*E3+2*N(F3),0) -> 48 | BC3: CREA – Tabelle di composizione degli alimenti
A4: Latte scremato | B4: 34 | C4: 5 | D4: 3.4 | E4: 0.2 | F4: 0 | G4: 5 | H4: 0.1 | I4: 0.05 | J4: 0.01 | K4: 2 | L4: 42 | M4: 156 | N4: 122 | O4: 101 | P4: 11 | Q4: 0.03 | R4: 0.4 | S4: 1 | T4: 1 | U4: 0 | V4: 0.01 | W4: 0.04 | X4: 0.18 | Y4: 0.09 | Z4: 0.04 | AA4: 5 | AB4: 0.5 | AC4: Latte e latticini | AD4: latte_scremato | AE4: proteine | AF4: liquido | AG4: 1.03 | AJ4: 0 | AK4: 1 | AL4: 1 | AM4: 0 | AN4: 0 | AO4: 0 | AP4: 0 | AQ4: 0 | AR4: 0 | AS4: 0 | AT4: 0 | AU4: 0 | AV4: 0 | AW4: 0 | AX4: 0 | AY4: 0 | AZ4: 1 | BA4: =_xlfn.TEXTJOIN(", ",TRUE(),IF(AJ4=1,"glutine",IF(AJ4=2,"glutine (tracce)","")),IF(AK4=1,"latte",IF(AK4=2,"latte (tracce)","")),IF(AL4=1,"lattosio",IF(AL4=2,"lattosio (tracce)","")),IF(AM4=1,"uova",IF(AM4=2,"uova (tracce)","")),IF(AN4=1,"pesce",IF(AN4=2,"pesce (tracce)","")),IF(AO4=1,"crostacei",IF(AO4=2,"crostacei (tracce)","")),IF(AP4=1,"molluschi",IF(AP4=2,"molluschi (tracce)","")),IF(AQ4=1,"frutta a guscio",IF(AQ4=2,"frutta a guscio (tracce)","")),IF(AR4=1,"arachidi",IF(AR4=2,"arachidi (tracce)","")),IF(AS4=1,"soia",IF(AS4=2,"soia (tracce)","")),IF(AT4=1,"sesamo",IF(AT4=2,"sesamo (tracce)","")),IF(AU4=1,"sedano",IF(AU4=2,"sedano (tracce)","")),IF(AV4=1,"senape",IF(AV4=2,"senape (tracce)","")),IF(AW4=1,"solfiti",IF(AW4=2,"solfiti (tracce)","")),IF(AX4=1,"lupini",IF(AX4=2,"lupini (tracce)","")),IF(AY4=1,"nichel",IF(AY4=2,"nichel (tracce)","")),IF(AZ4=1,"FODMAP",IF(AZ4=2,"FODMAP (tracce)",""))) -> latte, lattosio, FODMAP | BB4: =ROUND(4*C4+4*D4+9*E4+2*N(F4),0) -> 35 | BC4: CREA – Tabelle di composizione degli alimenti
A5: Yogurt bianco intero | B5: 61 | C5: 4.7 | D5: 3.5 | E5: 3.3 | F5: 0 | G5: 4.7 | H5: 2.1 | I5: 0.9 | J5: 0.1 | K5: 13 | L5: 46 | M5: 155 | N5: 121 | O5: 95 | P5: 12 | Q5: 0.05 | R5: 0.6 | S5: 27 | T5: 0.5 | U5: 0.1 | V5: 0.06 | W5: 0.03 | X5: 0.14 | Y5: 0.08 | Z5: 0.03 | AA5: 7 | AB5: 0.37 | AC5: Latte e latticini | AD5: yogurt_bianco_intero | AE5: misto | AF5: crudo | AJ5: 0 | AK5: 1 | AL5: 1 | AM5: 0 | AN5: 0 | AO5: 0 | AP5: 0 | AQ5: 0 | AR5: 0 | AS5: 0 | AT5: 0 | AU5: 0 | AV5: 0 | AW5: 0 | AX5: 0 | AY5: 0 | AZ5: 1 | BA5: =_xlfn.TEXTJOIN(", ",TRUE(),IF(AJ5=1,"glutine",IF(AJ5=2,"glutine (tracce)","")),IF(AK5=1,"latte",IF(AK5=2,"latte (tracce)","")),IF(AL5=1,"lattosio",IF(AL5=2,"lattosio (tracce)","")),IF(AM5=1,"uova",IF(AM5=2,"uova (tracce)","")),IF(AN5=1,"pesce",IF(AN5=2,"pesce (tracce)","")),IF(AO5=1,"crostacei",IF(AO5=2,"crostacei (tracce)","")),IF(AP5=1,"molluschi",IF(AP5=2,"molluschi (tracce)","")),IF(AQ5=1,"frutta a guscio",IF(AQ5=2,"frutta a guscio (tracce)","")),IF(AR5=1,"arachidi",IF(AR5=2,"arachidi (tracce)","")),IF(AS5=1,"soia",IF(AS5=2,"soia (tracce)","")),IF(AT5=1,"sesamo",IF(AT5=2,"sesamo (tracce)","")),IF(AU5=1,"sedano",IF(AU5=2,"sedano (tracce)","")),IF(AV5=1,"senape",IF(AV5=2,"senape (tracce)","")),IF(AW5=1,"solfiti",IF(AW5=2,"solfiti (tracce)","")),IF(AX5=1,"lupini",IF(AX5=2,"lupini (tracce)","")),IF(AY5=1,"nichel",IF(AY5=2,"nichel (tracce)","")),IF(AZ5=1,"FODMAP",IF(AZ5=2,"FODMAP (tracce)",""))) -> latte, lattosio, FODMAP | BB5: =ROUND(4*C5+4*D5+9*E5+2*N(F5),0) -> 63 | BC5: USDA FoodData Central – SR Legacy
A6: Yogurt greco 0% grassi | B6: 59 | C6: 3.6 | D6: 10.2 | E6: 0.4 | F6: 0 | G6: 3.2 | H6: 0.12 | I6: 0.05 | J6: 0.01 | K6: 5 | L6: 36 | M6: 141 | N6: 110 | O6: 135 | P6: 11 | Q6: 0.07 | R6: 0.52 | S6: 1 | T6: 0 | U6: 0 | V6: 0.01 | W6: 0.02 | X6: 0.28 | Y6: 0.21 | Z6: 0.06 | AA6: 7 | AB6: 0.75 | AC6: Latte e latticini | AD6: yogurt_greco_0_grassi | AE6: proteine | AF6: crudo | AH6: 170 | AI6: 1 vasetto | AJ6: 0 | AK6: 1 | AL6: 1 | AM6: 0 | AN6: 0 | AO6: 0 | AP6: 0 | AQ6: 0 | AR6: 0 | AS6: 0 | AT6: 0 | AU6: 0 | AV6: 0 | AW6: 0 | AX6: 0 | AY6: 0 | AZ6: 0 | BA6: =_xlfn.TEXTJOIN(", ",TRUE(),IF(AJ6=1,"glutine",IF(AJ6=2,"glutine (tracce)","")),IF(AK6=1,"latte",IF(AK6=2,"latte (tracce)","")),IF(AL6=1,"lattosio",IF(AL6=2,"lattosio (tracce)","")),IF(AM6=1,"uova",IF(AM6=2,"uova (tracce)","")),IF(AN6=1,"pesce",IF(AN6=2,"pesce (tracce)","")),IF(AO6=1,"crostacei",IF(AO6=2,"crostacei (tracce)","")),IF(AP6=1,"molluschi",IF(AP6=2,"molluschi (tracce)","")),IF(AQ6=1,"frutta a guscio",IF(AQ6=2,"frutta a guscio (tracce)","")),IF(AR6=1,"arachidi",IF(AR6=2,"arachidi (tracce)","")),IF(AS6=1,"soia",IF(AS6=2,"soia (tracce)","")),IF(AT6=1,"sesamo",IF(AT6=2,"sesamo (tracce)","")),IF(AU6=1,"sedano",IF(AU6=2,"sedano (tracce)","")),IF(AV6=1,"senape",IF(AV6=2,"senape (tracce)","")),IF(AW6=1,"solfiti",IF(AW6=2,"solfiti (tracce)","")),IF(AX6=1,"lupini",IF(AX6=2,"lupini (tracce)","")),IF(AY6=1,"nichel",IF(AY6=2,"nichel (tracce)","")),IF(AZ6=1,"FODMAP",IF(AZ6=2,"FODMAP (tracce)",""))) -> latte, lattosio | BB6: =ROUND(4*C6+4*D6+9*E6+2*N(F6),0) -> 59 | BC6: USDA FoodData Central – SR Legacy
A7: Yogurt greco 2% grassi | B7: 73 | C7: 3.9 | D7: 9.9 | E7: 1.9 | F7: 0 | G7: 3.6 | H7: 1.2 | I7: 0.5 | J7: 0.1 | K7: 10 | L7: 34 | M7: 141 | N7: 115 | O7: 136 | P7: 11 | Q7: 0.07 | R7: 0.5 | S7: 15 | T7: 0 | U7: 0 | V7: 0.03 | W7: 0.02 | X7: 0.25 | Y7: 0.2 | Z7: 0.06 | AA7: 7 | AB7: 0.75 | AC7: Latte e latticini | AD7: yogurt_greco_2_grassi | AE7: proteine | AF7: crudo | AH7: 170 | AI7: 1 vasetto | AJ7: 0 | AK7: 1 | AL7: 1 | AM7: 0 | AN7: 0 | AO7: 0 | AP7: 0 | AQ7: 0 | AR7: 0 | AS7: 0 | AT7: 0 | AU7: 0 | AV7: 0 | AW7: 0 | AX7: 0 | AY7: 0 | AZ7: 0 | BA7: =_xlfn.TEXTJOIN(", ",TRUE(),IF(AJ7=1,"glutine",IF(AJ7=2,"glutine (tracce)","")),IF(AK7=1,"latte",IF(AK7=2,"latte (tracce)","")),IF(AL7=1,"lattosio",IF(AL7=2,"lattosio (tracce)","")),IF(AM7=1,"uova",IF(AM7=2,"uova (tracce)","")),IF(AN7=1,"pesce",IF(AN7=2,"pesce (tracce)","")),IF(AO7=1,"crostacei",IF(AO7=2,"crostacei (tracce)","")),IF(AP7=1,"molluschi",IF(AP7=2,"molluschi (tracce)","")),IF(AQ7=1,"frutta a guscio",IF(AQ7=2,"frutta a guscio (tracce)","")),IF(AR7=1,"arachidi",IF(AR7=2,"arachidi (tracce)","")),IF(AS7=1,"soia",IF(AS7=2,"soia (tracce)","")),IF(AT7=1,"sesamo",IF(AT7=2,"sesamo (tracce)","")),IF(AU7=1,"sedano",IF(AU7=2,"sedano (tracce)","")),IF(AV7=1,"senape",IF(AV7=2,"senape (tracce)","")),IF(AW7=1,"solfiti",IF(AW7=2,"solfiti (tracce)","")),IF(AX7=1,"lupini",IF(AX7=2,"lupini (tracce)","")),IF(AY7=1,"nichel",IF(AY7=2,"nichel (tracce)","")),IF(AZ7=1,"FODMAP",IF(AZ7=2,"FODMAP (tracce)",""))) -> latte, lattosio | BB7: =ROUND(4*C7+4*D7+9*E7+2*N(F7),0) -> 72 | BC7: USDA FoodData Central – SR Legacy
A8: Skyr naturale | B8: 63 | C8: 4 | D8: 11 | E8: 0.2 | F8: 0 | G8: 4 | H8: 0.1 | I8: 0.05 | J8: 0.01 | K8: 3 | L8: 40 | M8: 150 | N8: 120 | O8: 140 | P8: 11 | Q8: 0.05 | R8: 0.5 | S8: 2 | T8: 0 | U8: 0 | V8: 0 | W8: 0.03 | X8: 0.25 | Y8: 0.1 | Z8: 0.05 | AA8: 6 | AB8: 0.6 | AC8: Latte e latticini | AD8: skyr_naturale | AE8: proteine | AF8: crudo | AH8: 150 | AI8: 1 vasetto | AJ8: 0 | AK8: 1 | AL8: 1 | AM8: 0 | AN8: 0 | AO8: 0 | AP8: 0 | AQ8: 0 | AR8: 0 | AS8: 0 | AT8: 0 | AU8: 0 | AV8: 0 | AW8: 0 | AX8: 0 | AY8: 0 | AZ8: 0 | BA8: =_xlfn.TEXTJOIN(", ",TRUE(),IF(AJ8=1,"glutine",IF(AJ8=2,"glutine (tracce)","")),IF(AK8=1,"latte",IF(AK8=2,"latte (tracce)","")),IF(AL8=1,"lattosio",IF(AL8=2,"lattosio (tracce)","")),IF(AM8=1,"uova",IF(AM8=2,"uova (tracce)","")),IF(AN8=1,"pesce",IF(AN8=2,"pesce (tracce)","")),IF(AO8=1,"crostacei",IF(AO8=2,"crostacei (tracce)","")),IF(AP8=1,"molluschi",IF(AP8=2,"molluschi (tracce)","")),IF(AQ8=1,"frutta a guscio",IF(AQ8=2,"frutta a guscio (tracce)","")),IF(AR8=1,"arachidi",IF(AR8=2,"arachidi (tracce)","")),IF(AS8=1,"soia",IF(AS8=2,"soia (tracce)","")),IF(AT8=1,"sesamo",IF(AT8=2,"sesamo (tracce)","")),IF(AU8=1,"sedano",IF(AU8=2,"sedano (tracce)","")),IF(AV8=1,"senape",IF(AV8=2,"senape (tracce)","")),IF(AW8=1,"solfiti",IF(AW8=2,"solfiti (tracce)","")),IF(AX8=1,"lupini",IF(AX8=2,"lupini (tracce)","")),IF(AY8=1,"nichel",IF(AY8=2,"nichel (tracce)","")),IF(AZ8=1,"FODMAP",IF(AZ8=2,"FODMAP (tracce)",""))) -> latte, lattosio | BB8: =ROUND(4*C8+4*D8+9*E8+2*N(F8),0) -> 62 | BC8: Media etichette prodotti commerciali (IT)
A9: Kefir di latte (parz. scremato) | B9: 41 | C9: 4.5 | D9: 3.8 | E9: 1 | F9: 0 | G9: 4.6 | H9: 0.6 | I9: 0.25 | J9: 0.04 | K9: 5 | L9: 40 | M9: 164 | N9: 130 | O9: 105 | P9: 12 | Q9: 0.04 | R9: 0.46 | S9: 20 | T9: 0.2 | U9: 0.1 | V9: 0.02 | W9: 0.04 | X9: 0.17 | Y9: 0.07 | Z9: 0.03 | AA9: 5 | AB9: 0.27 | AC9: Latte e latticini | AD9: kefir_di_latte_parz_scremato | AE9: misto | AF9: liquido | AG9: 1.03 | AJ9: 0 | AK9: 1 | AL9: 1 | AM9: 0 | AN9: 0 | AO9: 0 | AP9: 0 | AQ9: 0 | AR9: 0 | AS9: 0 | AT9: 0 | AU9: 0 | AV9: 0 | AW9: 0 | AX9: 0 | AY9: 0 | AZ9: 0 | BA9: =_xlfn.TEXTJOIN(", ",TRUE(),IF(AJ9=1,"glutine",IF(AJ9=2,"glutine (tracce)","")),IF(AK9=1,"latte",IF(AK9=2,"latte (tracce)","")),IF(AL9=1,"lattosio",IF(AL9=2,"lattosio (tracce)","")),IF(AM9=1,"uova",IF(AM9=2,"uova (tracce)","")),IF(AN9=1,"pesce",IF(AN9=2,"pesce (tracce)","")),IF(AO9=1,"crostacei",IF(AO9=2,"crostacei (tracce)","")),IF(AP9=1,"molluschi",IF(AP9=2,"molluschi (tracce)","")),IF(AQ9=1,"frutta a guscio",IF(AQ9=2,"frutta a guscio (tracce)","")),IF(AR9=1,"arachidi",IF(AR9=2,"arachidi (tracce)","")),IF(AS9=1,"soia",IF(AS9=2,"soia (tracce)","")),IF(AT9=1,"sesamo",IF(AT9=2,"sesamo (tracce)","")),IF(AU9=1,"sedano",IF(AU9=2,"sedano (tracce)","")),IF(AV9=1,"senape",IF(AV9=2,"senape (tracce)","")),IF(AW9=1,"solfiti",IF(AW9=2,"solfiti (tracce)","")),IF(AX9=1,"lupini",IF(AX9=2,"lupini (tracce)","")),IF(AY9=1,"nichel",IF(AY9=2,"nichel (tracce)","")),IF(AZ9=1,"FODMAP",IF(AZ9=2,"FODMAP (tracce)",""))) -> latte, lattosio | BB9: =ROUND(4*C9+4*D9+9*E9+2*N(F9),0) -> 42 | BC9: USDA FoodData Central – SR Legacy | BD9: Lattosio in parte fermentato: spesso ben tollerato
A10: Dessert proteico (pudding high protein) | B10: 79 | C10: 6.2 | D10: 10 | E10: 1.5 | F10: 0.4 | G10: 4.4 | H10: 1 | L10: 60 | AC10: Latte e latticini | AD10: dessert_proteico_pudding_high_protein | AE10: proteine | AF10: pronto | AH10: 200 | AI10: 1 vasetto | AJ10: 0 | AK10: 1 | AL10: 1 | AM10: 0 | AN10: 0 | AO10: 0 | AP10: 0 | AQ10: 0 | AR10: 0 | AS10: 0 | AT10: 0 | AU10: 0 | AV10: 0 | AW10: 0 | AX10: 0 | AY10: 0 | AZ10: 0 | BA10: =_xlfn.TEXTJOIN(", ",TRUE(),IF(AJ10=1,"glutine",IF(AJ10=2,"glutine (tracce)","")),IF(AK10=1,"latte",IF(AK10=2,"latte (tracce)","")),IF(AL10=1,"lattosio",IF(AL10=2,"lattosio (tracce)","")),IF(AM10=1,"uova",IF(AM10=2,"uova (tracce)","")),IF(AN10=1,"pesce",IF(AN10=2,"pesce (tracce)","")),IF(AO10=1,"crostacei",IF(AO10=2,"crostacei (tracce)","")),IF(AP10=1,"molluschi",IF(AP10=2,"molluschi (tracce)","")),IF(AQ10=1,"frutta a guscio",IF(AQ10=2,"frutta a guscio (tracce)","")),IF(AR10=1,"arachidi",IF(AR10=2,"arachidi (tracce)","")),IF(AS10=1,"soia",IF(AS10=2,"soia (tracce)","")),IF(AT10=1,"sesamo",IF(AT10=2,"sesamo (tracce)","")),IF(AU10=1,"sedano",IF(AU10=2,"sedano (tracce)","")),IF(AV10=1,"senape",IF(AV10=2,"senape (tracce)","")),IF(AW10=1,"solfiti",IF(AW10=2,"solfiti (tracce)","")),IF(AX10=1,"lupini",IF(AX10=2,"lupini (tracce)","")),IF(AY10=1,"nichel",IF(AY10=2,"nichel (tracce)","")),IF(AZ10=1,"FODMAP",IF(AZ10=2,"FODMAP (tracce)",""))) -> latte, lattosio | BB10: =ROUND(4*C10+4*D10+9*E10+2*N(F10),0) -> 79 | BC10: Media etichette prodotti commerciali (IT) | BD10: Tipo Ehrmann High Protein / Milk Pro: verificare etichetta
A11: Fiocchi di latte | B11: 98 | C11: 3.4 | D11: 11.1 | E11: 4.3 | F11: 0 | G11: 2.7 | H11: 1.7 | I11: 0.78 | J11: 0.12 | K11: 17 | L11: 364 | M11: 104 | N11: 83 | O11: 159 | P11: 8 | Q11: 0.07 | R11: 0.4 | S11: 37 | T11: 0 | U11: 0.1 | V11: 0.08 | W11: 0.03 | X11: 0.16 | Y11: 0.1 | Z11: 0.05 | AA11: 12 | AB11: 0.43 | AC11: Latte e latticini | AD11: fiocchi_di_latte | AE11: proteine | AF11: crudo | AH11: 200 | AI11: 1 vaschetta | AJ11: 0 | AK11: 1 | AL11: 1 | AM11: 0 | AN11: 0 | AO11: 0 | AP11: 0 | AQ11: 0 | AR11: 0 | AS11: 0 | AT11: 0 | AU11: 0 | AV11: 0 | AW11: 0 | AX11: 0 | AY11: 0 | AZ11: 1 | BA11: =_xlfn.TEXTJOIN(", ",TRUE(),IF(AJ11=1,"glutine",IF(AJ11=2,"glutine (tracce)","")),IF(AK11=1,"latte",IF(AK11=2,"latte (tracce)","")),IF(AL11=1,"lattosio",IF(AL11=2,"lattosio (tracce)","")),IF(AM11=1,"uova",IF(AM11=2,"uova (tracce)","")),IF(AN11=1,"pesce",IF(AN11=2,"pesce (tracce)","")),IF(AO11=1,"crostacei",IF(AO11=2,"crostacei (tracce)","")),IF(AP11=1,"molluschi",IF(AP11=2,"molluschi (tracce)","")),IF(AQ11=1,"frutta a guscio",IF(AQ11=2,"frutta a guscio (tracce)","")),IF(AR11=1,"arachidi",IF(AR11=2,"arachidi (tracce)","")),IF(AS11=1,"soia",IF(AS11=2,"soia (tracce)","")),IF(AT11=1,"sesamo",IF(AT11=2,"sesamo (tracce)","")),IF(AU11=1,"sedano",IF(AU11=2,"sedano (tracce)","")),IF(AV11=1,"senape",IF(AV11=2,"senape (tracce)","")),IF(AW11=1,"solfiti",IF(AW11=2,"solfiti (tracce)","")),IF(AX11=1,"lupini",IF(AX11=2,"lupini (tracce)","")),IF(AY11=1,"nichel",IF(AY11=2,"nichel (tracce)","")),IF(AZ11=1,"FODMAP",IF(AZ11=2,"FODMAP (tracce)",""))) -> latte, lattosio, FODMAP | BB11: =ROUND(4*C11+4*D11+9*E11+2*N(F11),0) -> 97 | BC11: USDA FoodData Central – SR Legacy
A12: Ricotta vaccina | B12: 146 | C12: 3.5 | D12: 8.8 | E12: 10.9 | F12: 0 | G12: 3.5 | H12: 6.9 | I12: 3 | J12: 0.3 | K12: 50 | L12: 78 | M12: 119 | N12: 295 | O12: 237 | P12: 11 | Q12: 0.2 | R12: 1.2 | S12: 120 | T12: 0 | U12: 0.2 | V12: 0.1 | W12: 0.02 | X12: 0.19 | Y12: 0.1 | Z12: 0.04 | AA12: 12 | AB12: 0.3 | AC12: Latte e latticini | AD12: ricotta_vaccina | AE12: misto | AF12: crudo | AJ12: 0 | AK12: 1 | AL12: 1 | AM12: 0 | AN12: 0 | AO12: 0 | AP12: 0 | AQ12: 0 | AR12: 0 | AS12: 0 | AT12: 0 | AU12: 0 | AV12: 0 | AW12: 0 | AX12: 0 | AY12: 0 | AZ12: 1 | BA12: =_xlfn.TEXTJOIN(", ",TRUE(),IF(AJ12=1,"glutine",IF(AJ12=2,"glutine (tracce)","")),IF(AK12=1,"latte",IF(AK12=2,"latte (tracce)","")),IF(AL12=1,"lattosio",IF(AL12=2,"lattosio (tracce)","")),IF(AM12=1,"uova",IF(AM12=2,"uova (tracce)","")),IF(AN12=1,"pesce",IF(AN12=2,"pesce (tracce)","")),IF(AO12=1,"crostacei",IF(AO12=2,"crostacei (tracce)","")),IF(AP12=1,"molluschi",IF(AP12=2,"molluschi (tracce)","")),IF(AQ12=1,"frutta a guscio",IF(AQ12=2,"frutta a guscio (tracce)","")),IF(AR12=1,"arachidi",IF(AR12=2,"arachidi (tracce)","")),IF(AS12=1,"soia",IF(AS12=2,"soia (tracce)","")),IF(AT12=1,"sesamo",IF(AT12=2,"sesamo (tracce)","")),IF(AU12=1,"sedano",IF(AU12=2,"sedano (tracce)","")),IF(AV12=1,"senape",IF(AV12=2,"senape (tracce)","")),IF(AW12=1,"solfiti",IF(AW12=2,"solfiti (tracce)","")),IF(AX12=1,"lupini",IF(AX12=2,"lupini (tracce)","")),IF(AY12=1,"nichel",IF(AY12=2,"nichel (tracce)","")),IF(AZ12=1,"FODMAP",IF(AZ12=2,"FODMAP (tracce)",""))) -> latte, lattosio, FODMAP | BB12: =ROUND(4*C12+4*D12+9*E12+2*N(F12),0) -> 147 | BC12: CREA – Tabelle di composizione degli alimenti
A13: Ricotta light | B13: 98 | C13: 3.8 | D13: 9.5 | E13: 5 | F13: 0 | G13: 3.8 | H13: 3.3 | K13: 18 | L13: 80 | AC13: Latte e latticini | AD13: ricotta_light | AE13: proteine | AF13: crudo | AJ13: 0 | AK13: 1 | AL13: 1 | AM13: 0 | AN13: 0 | AO13: 0 | AP13: 0 | AQ13: 0 | AR13: 0 | AS13: 0 | AT13: 0 | AU13: 0 | AV13: 0 | AW13: 0 | AX13: 0 | AY13: 0 | AZ13: 1 | BA13: =_xlfn.TEXTJOIN(", ",TRUE(),IF(AJ13=1,"glutine",IF(AJ13=2,"glutine (tracce)","")),IF(AK13=1,"latte",IF(AK13=2,"latte (tracce)","")),IF(AL13=1,"lattosio",IF(AL13=2,"lattosio (tracce)","")),IF(AM13=1,"uova",IF(AM13=2,"uova (tracce)","")),IF(AN13=1,"pesce",IF(AN13=2,"pesce (tracce)","")),IF(AO13=1,"crostacei",IF(AO13=2,"crostacei (tracce)","")),IF(AP13=1,"molluschi",IF(AP13=2,"molluschi (tracce)","")),IF(AQ13=1,"frutta a guscio",IF(AQ13=2,"frutta a guscio (tracce)","")),IF(AR13=1,"arachidi",IF(AR13=2,"arachidi (tracce)","")),IF(AS13=1,"soia",IF(AS13=2,"soia (tracce)","")),IF(AT13=1,"sesamo",IF(AT13=2,"sesamo (tracce)","")),IF(AU13=1,"sedano",IF(AU13=2,"sedano (tracce)","")),IF(AV13=1,"senape",IF(AV13=2,"senape (tracce)","")),IF(AW13=1,"solfiti",IF(AW13=2,"solfiti (tracce)","")),IF(AX13=1,"lupini",IF(AX13=2,"lupini (tracce)","")),IF(AY13=1,"nichel",IF(AY13=2,"nichel (tracce)","")),IF(AZ13=1,"FODMAP",IF(AZ13=2,"FODMAP (tracce)",""))) -> latte, lattosio, FODMAP | BB13: =ROUND(4*C13+4*D13+9*E13+2*N(F13),0) -> 98 | BC13: Media etichette prodotti commerciali (IT)
A14: Mozzarella vaccina (fior di latte) | B14: 253 | C14: 0.7 | D14: 18.7 | E14: 19.5 | F14: 0 | G14: 0.7 | H14: 12 | I14: 5 | J14: 0.6 | K14: 46 | L14: 196 | M14: 102 | N14: 350 | O14: 350 | P14: 19 | Q14: 0.2 | R14: 2.3 | S14: 179 | T14: 0 | U14: 0.3 | V14: 0.4 | W14: 0.02 | X14: 0.2 | Y14: 0.1 | Z14: 0.04 | AA14: 7 | AB14: 1 | AC14: Latte e latticini | AD14: mozzarella_vaccina_fior_di_latte | AE14: misto | AF14: crudo | AH14: 125 | AI14: 1 mozzarella | AJ14: 0 | AK14: 1 | AL14: 1 | AM14: 0 | AN14: 0 | AO14: 0 | AP14: 0 | AQ14: 0 | AR14: 0 | AS14: 0 | AT14: 0 | AU14: 0 | AV14: 0 | AW14: 0 | AX14: 0 | AY14: 0 | AZ14: 0 | BA14: =_xlfn.TEXTJOIN(", ",TRUE(),IF(AJ14=1,"glutine",IF(AJ14=2,"glutine (tracce)","")),IF(AK14=1,"latte",IF(AK14=2,"latte (tracce)","")),IF(AL14=1,"lattosio",IF(AL14=2,"lattosio (tracce)","")),IF(AM14=1,"uova",IF(AM14=2,"uova (tracce)","")),IF(AN14=1,"pesce",IF(AN14=2,"pesce (tracce)","")),IF(AO14=1,"crostacei",IF(AO14=2,"crostacei (tracce)","")),IF(AP14=1,"molluschi",IF(AP14=2,"molluschi (tracce)","")),IF(AQ14=1,"frutta a guscio",IF(AQ14=2,"frutta a guscio (tracce)","")),IF(AR14=1,"arachidi",IF(AR14=2,"arachidi (tracce)","")),IF(AS14=1,"soia",IF(AS14=2,"soia (tracce)","")),IF(AT14=1,"sesamo",IF(AT14=2,"sesamo (tracce)","")),IF(AU14=1,"sedano",IF(AU14=2,"sedano (tracce)","")),IF(AV14=1,"senape",IF(AV14=2,"senape (tracce)","")),IF(AW14=1,"solfiti",IF(AW14=2,"solfiti (tracce)","")),IF(AX14=1,"lupini",IF(AX14=2,"lupini (tracce)","")),IF(AY14=1,"nichel",IF(AY14=2,"nichel (tracce)","")),IF(AZ14=1,"FODMAP",IF(AZ14=2,"FODMAP (tracce)",""))) -> latte, lattosio | BB14: =ROUND(4*C14+4*D14+9*E14+2*N(F14),0) -> 253 | BC14: CREA – Tabelle di composizione degli alimenti
A15: Mozzarella light | B15: 160 | C15: 1 | D15: 19.5 | E15: 8.8 | F15: 0 | G15: 1 | H15: 6 | K15: 30 | L15: 200 | AC15: Latte e latticini | AD15: mozzarella_light | AE15: proteine | AF15: crudo | AH15: 100 | AI15: 1 mozzarella light | AJ15: 0 | AK15: 1 | AL15: 1 | AM15: 0 | AN15: 0 | AO15: 0 | AP15: 0 | AQ15: 0 | AR15: 0 | AS15: 0 | AT15: 0 | AU15: 0 | AV15: 0 | AW15: 0 | AX15: 0 | AY15: 0 | AZ15: 0 | BA15: =_xlfn.TEXTJOIN(", ",TRUE(),IF(AJ15=1,"glutine",IF(AJ15=2,"glutine (tracce)","")),IF(AK15=1,"latte",IF(AK15=2,"latte (tracce)","")),IF(AL15=1,"lattosio",IF(AL15=2,"lattosio (tracce)","")),IF(AM15=1,"uova",IF(AM15=2,"uova (tracce)","")),IF(AN15=1,"pesce",IF(AN15=2,"pesce (tracce)","")),IF(AO15=1,"crostacei",IF(AO15=2,"crostacei (tracce)","")),IF(AP15=1,"molluschi",IF(AP15=2,"molluschi (tracce)","")),IF(AQ15=1,"frutta a guscio",IF(AQ15=2,"frutta a guscio (tracce)","")),IF(AR15=1,"arachidi",IF(AR15=2,"arachidi (tracce)","")),IF(AS15=1,"soia",IF(AS15=2,"soia (tracce)","")),IF(AT15=1,"sesamo",IF(AT15=2,"sesamo (tracce)","")),IF(AU15=1,"sedano",IF(AU15=2,"sedano (tracce)","")),IF(AV15=1,"senape",IF(AV15=2,"senape (tracce)","")),IF(AW15=1,"solfiti",IF(AW15=2,"solfiti (tracce)","")),IF(AX15=1,"lupini",IF(AX15=2,"lupini (tracce)","")),IF(AY15=1,"nichel",IF(AY15=2,"nichel (tracce)","")),IF(AZ15=1,"FODMAP",IF(AZ15=2,"FODMAP (tracce)",""))) -> latte, lattosio | BB15: =ROUND(4*C15+4*D15+9*E15+2*N(F15),0) -> 161 | BC15: Media etichette prodotti commerciali (IT)
A16: Parmigiano Reggiano | B16: 392 | C16: 0 | D16: 33.5 | E16: 28.1 | F16: 0 | G16: 0 | H16: 18.4 | I16: 8 | J16: 0.9 | K16: 91 | L16: 600 | M16: 100 | N16: 1160 | O16: 680 | P16: 43 | Q16: 0.7 | R16: 4 | S16: 270 | T16: 0 | U16: 0.6 | V16: 0.6 | W16: 0.03 | X16: 0.37 | Y16: 0.06 | Z16: 0.09 | AA16: 7 | AB16: 1.2 | AC16: Latte e latticini | AD16: parmigiano_reggiano | AE16: misto | AF16: stagionato | AJ16: 0 | AK16: 1 | AL16: 0 | AM16: 0 | AN16: 0 | AO16: 0 | AP16: 0 | AQ16: 0 | AR16: 0 | AS16: 0 | AT16: 0 | AU16: 0 | AV16: 0 | AW16: 0 | AX16: 0 | AY16: 0 | AZ16: 0 | BA16: =_xlfn.TEXTJOIN(", ",TRUE(),IF(AJ16=1,"glutine",IF(AJ16=2,"glutine (tracce)","")),IF(AK16=1,"latte",IF(AK16=2,"latte (tracce)","")),IF(AL16=1,"lattosio",IF(AL16=2,"lattosio (tracce)","")),IF(AM16=1,"uova",IF(AM16=2,"uova (tracce)","")),IF(AN16=1,"pesce",IF(AN16=2,"pesce (tracce)","")),IF(AO16=1,"crostacei",IF(AO16=2,"crostacei (tracce)","")),IF(AP16=1,"molluschi",IF(AP16=2,"molluschi (tracce)","")),IF(AQ16=1,"frutta a guscio",IF(AQ16=2,"frutta a guscio (tracce)","")),IF(AR16=1,"arachidi",IF(AR16=2,"arachidi (tracce)","")),IF(AS16=1,"soia",IF(AS16=2,"soia (tracce)","")),IF(AT16=1,"sesamo",IF(AT16=2,"sesamo (tracce)","")),IF(AU16=1,"sedano",IF(AU16=2,"sedano (tracce)","")),IF(AV16=1,"senape",IF(AV16=2,"senape (tracce)","")),IF(AW16=1,"solfiti",IF(AW16=2,"solfiti (tracce)","")),IF(AX16=1,"lupini",IF(AX16=2,"lupini (tracce)","")),IF(AY16=1,"nichel",IF(AY16=2,"nichel (tracce)","")),IF(AZ16=1,"FODMAP",IF(AZ16=2,"FODMAP (tracce)",""))) -> latte | BB16: =ROUND(4*C16+4*D16+9*E16+2*N(F16),0) -> 387 | BC16: CREA – Tabelle di composizione degli alimenti | BD16: Naturalmente privo di lattosio
A17: Grana Padano | B17: 398 | C17: 0 | D17: 33 | E17: 29 | F17: 0 | G17: 0 | H17: 18.5 | I17: 8.5 | J17: 1 | K17: 98 | L17: 600 | M17: 120 | N17: 1165 | O17: 692 | P17: 63 | Q17: 0.3 | R17: 4 | S17: 270 | T17: 0 | U17: 0.6 | V17: 0.6 | W17: 0.03 | X17: 0.36 | Y17: 0.06 | Z17: 0.09 | AA17: 7 | AB17: 1.2 | AC17: Latte e latticini | AD17: grana_padano | AE17: misto | AF17: stagionato | AJ17: 0 | AK17: 1 | AL17: 0 | AM17: 0 | AN17: 0 | AO17: 0 | AP17: 0 | AQ17: 0 | AR17: 0 | AS17: 0 | AT17: 0 | AU17: 0 | AV17: 0 | AW17: 0 | AX17: 0 | AY17: 0 | AZ17: 0 | BA17: =_xlfn.TEXTJOIN(", ",TRUE(),IF(AJ17=1,"glutine",IF(AJ17=2,"glutine (tracce)","")),IF(AK17=1,"latte",IF(AK17=2,"latte (tracce)","")),IF(AL17=1,"lattosio",IF(AL17=2,"lattosio (tracce)","")),IF(AM17=1,"uova",IF(AM17=2,"uova (tracce)","")),IF(AN17=1,"pesce",IF(AN17=2,"pesce (tracce)","")),IF(AO17=1,"crostacei",IF(AO17=2,"crostacei (tracce)","")),IF(AP17=1,"molluschi",IF(AP17=2,"molluschi (tracce)","")),IF(AQ17=1,"frutta a guscio",IF(AQ17=2,"frutta a guscio (tracce)","")),IF(AR17=1,"arachidi",IF(AR17=2,"arachidi (tracce)","")),IF(AS17=1,"soia",IF(AS17=2,"soia (tracce)","")),IF(AT17=1,"sesamo",IF(AT17=2,"sesamo (tracce)","")),IF(AU17=1,"sedano",IF(AU17=2,"sedano (tracce)","")),IF(AV17=1,"senape",IF(AV17=2,"senape (tracce)","")),IF(AW17=1,"solfiti",IF(AW17=2,"solfiti (tracce)","")),IF(AX17=1,"lupini",IF(AX17=2,"lupini (tracce)","")),IF(AY17=1,"nichel",IF(AY17=2,"nichel (tracce)","")),IF(AZ17=1,"FODMAP",IF(AZ17=2,"FODMAP (tracce)",""))) -> latte | BB17: =ROUND(4*C17+4*D17+9*E17+2*N(F17),0) -> 393 | BC17: CREA – Tabelle di composizione degli alimenti | BD17: Naturalmente privo di lattosio (contiene lisozima da uovo)
A18: Feta | B18: 264 | C18: 4.1 | D18: 14.2 | E18: 21.3 | F18: 0 | G18: 4.1 | H18: 15 | I18: 4.6 | J18: 0.6 | K18: 89 | L18: 1116 | M18: 62 | N18: 493 | O18: 337 | P18: 19 | Q18: 0.65 | R18: 2.88 | S18: 125 | T18: 0 | U18: 0.4 | V18: 0.18 | W18: 0.15 | X18: 0.84 | Y18: 0.99 | Z18: 0.42 | AA18: 32 | AB18: 1.69 | AC18: Latte e latticini | AD18: feta | AE18: misto | AF18: crudo | AJ18: 0 | AK18: 1 | AL18: 1 | AM18: 0 | AN18: 0 | AO18: 0 | AP18: 0 | AQ18: 0 | AR18: 0 | AS18: 0 | AT18: 0 | AU18: 0 | AV18: 0 | AW18: 0 | AX18: 0 | AY18: 0 | AZ18: 0 | BA18: =_xlfn.TEXTJOIN(", ",TRUE(),IF(AJ18=1,"glutine",IF(AJ18=2,"glutine (tracce)","")),IF(AK18=1,"latte",IF(AK18=2,"latte (tracce)","")),IF(AL18=1,"lattosio",IF(AL18=2,"lattosio (tracce)","")),IF(AM18=1,"uova",IF(AM18=2,"uova (tracce)","")),IF(AN18=1,"pesce",IF(AN18=2,"pesce (tracce)","")),IF(AO18=1,"crostacei",IF(AO18=2,"crostacei (tracce)","")),IF(AP18=1,"molluschi",IF(AP18=2,"molluschi (tracce)","")),IF(AQ18=1,"frutta a guscio",IF(AQ18=2,"frutta a guscio (tracce)","")),IF(AR18=1,"arachidi",IF(AR18=2,"arachidi (tracce)","")),IF(AS18=1,"soia",IF(AS18=2,"soia (tracce)","")),IF(AT18=1,"sesamo",IF(AT18=2,"sesamo (tracce)","")),IF(AU18=1,"sedano",IF(AU18=2,"sedano (tracce)","")),IF(AV18=1,"senape",IF(AV18=2,"senape (tracce)","")),IF(AW18=1,"solfiti",IF(AW18=2,"solfiti (tracce)","")),IF(AX18=1,"lupini",IF(AX18=2,"lupini (tracce)","")),IF(AY18=1,"nichel",IF(AY18=2,"nichel (tracce)","")),IF(AZ18=1,"FODMAP",IF(AZ18=2,"FODMAP (tracce)",""))) -> latte, lattosio | BB18: =ROUND(4*C18+4*D18+9*E18+2*N(F18),0) -> 265 | BC18: USDA FoodData Central – SR Legacy
A19: Uovo intero | B19: 143 | C19: 0.7 | D19: 12.6 | E19: 9.5 | F19: 0 | G19: 0.4 | H19: 3.1 | I19: 3.7 | J19: 1.9 | K19: 372 | L19: 142 | M19: 138 | N19: 56 | O19: 198 | P19: 12 | Q19: 1.75 | R19: 1.29 | S19: 160 | T19: 0 | U19: 2 | V19: 1.05 | W19: 0.04 | X19: 0.46 | Y19: 0.08 | Z19: 0.17 | AA19: 47 | AB19: 0.89 | AC19: Uova | AD19: uovo_intero | AE19: proteine | AF19: crudo | AH19: 55 | AI19: 1 uovo medio (senza guscio) | AJ19: 0 | AK19: 0 | AL19: 0 | AM19: 1 | AN19: 0 | AO19: 0 | AP19: 0 | AQ19: 0 | AR19: 0 | AS19: 0 | AT19: 0 | AU19: 0 | AV19: 0 | AW19: 0 | AX19: 0 | AY19: 0 | AZ19: 0 | BA19: =_xlfn.TEXTJOIN(", ",TRUE(),IF(AJ19=1,"glutine",IF(AJ19=2,"glutine (tracce)","")),IF(AK19=1,"latte",IF(AK19=2,"latte (tracce)","")),IF(AL19=1,"lattosio",IF(AL19=2,"lattosio (tracce)","")),IF(AM19=1,"uova",IF(AM19=2,"uova (tracce)","")),IF(AN19=1,"pesce",IF(AN19=2,"pesce (tracce)","")),IF(AO19=1,"crostacei",IF(AO19=2,"crostacei (tracce)","")),IF(AP19=1,"molluschi",IF(AP19=2,"molluschi (tracce)","")),IF(AQ19=1,"frutta a guscio",IF(AQ19=2,"frutta a guscio (tracce)","")),IF(AR19=1,"arachidi",IF(AR19=2,"arachidi (tracce)","")),IF(AS19=1,"soia",IF(AS19=2,"soia (tracce)","")),IF(AT19=1,"sesamo",IF(AT19=2,"sesamo (tracce)","")),IF(AU19=1,"sedano",IF(AU19=2,"sedano (tracce)","")),IF(AV19=1,"senape",IF(AV19=2,"senape (tracce)","")),IF(AW19=1,"solfiti",IF(AW19=2,"solfiti (tracce)","")),IF(AX19=1,"lupini",IF(AX19=2,"lupini (tracce)","")),IF(AY19=1,"nichel",IF(AY19=2,"nichel (tracce)","")),IF(AZ19=1,"FODMAP",IF(AZ19=2,"FODMAP (tracce)",""))) -> uova | BB19: =ROUND(4*C19+4*D19+9*E19+2*N(F19),0) -> 139 | BC19: USDA FoodData Central – SR Legacy
A20: Albume d'uovo | B20: 52 | C20: 0.7 | D20: 10.9 | E20: 0.2 | F20: 0 | G20: 0.7 | H20: 0 | I20: 0 | J20: 0 | K20: 0 | L20: 166 | M20: 163 | N20: 7 | O20: 15 | P20: 11 | Q20: 0.08 | R20: 0.03 | S20: 0 | T20: 0 | U20: 0 | V20: 0 | W20: 0 | X20: 0.44 | Y20: 0.1 | Z20: 0 | AA20: 4 | AB20: 0.09 | AC20: Uova | AD20: albume_d_uovo | AE20: proteine | AF20: crudo | AG20: 1.03 | AH20: 33 | AI20: 1 albume | AJ20: 0 | AK20: 0 | AL20: 0 | AM20: 1 | AN20: 0 | AO20: 0 | AP20: 0 | AQ20: 0 | AR20: 0 | AS20: 0 | AT20: 0 | AU20: 0 | AV20: 0 | AW20: 0 | AX20: 0 | AY20: 0 | AZ20: 0 | BA20: =_xlfn.TEXTJOIN(", ",TRUE(),IF(AJ20=1,"glutine",IF(AJ20=2,"glutine (tracce)","")),IF(AK20=1,"latte",IF(AK20=2,"latte (tracce)","")),IF(AL20=1,"lattosio",IF(AL20=2,"lattosio (tracce)","")),IF(AM20=1,"uova",IF(AM20=2,"uova (tracce)","")),IF(AN20=1,"pesce",IF(AN20=2,"pesce (tracce)","")),IF(AO20=1,"crostacei",IF(AO20=2,"crostacei (tracce)","")),IF(AP20=1,"molluschi",IF(AP20=2,"molluschi (tracce)","")),IF(AQ20=1,"frutta a guscio",IF(AQ20=2,"frutta a guscio (tracce)","")),IF(AR20=1,"arachidi",IF(AR20=2,"arachidi (tracce)","")),IF(AS20=1,"soia",IF(AS20=2,"soia (tracce)","")),IF(AT20=1,"sesamo",IF(AT20=2,"sesamo (tracce)","")),IF(AU20=1,"sedano",IF(AU20=2,"sedano (tracce)","")),IF(AV20=1,"senape",IF(AV20=2,"senape (tracce)","")),IF(AW20=1,"solfiti",IF(AW20=2,"solfiti (tracce)","")),IF(AX20=1,"lupini",IF(AX20=2,"lupini (tracce)","")),IF(AY20=1,"nichel",IF(AY20=2,"nichel (tracce)","")),IF(AZ20=1,"FODMAP",IF(AZ20=2,"FODMAP (tracce)",""))) -> uova | BB20: =ROUND(4*C20+4*D20+9*E20+2*N(F20),0) -> 48 | BC20: USDA FoodData Central – SR Legacy
A21: Albume liquido pastorizzato (brick) | B21: 45 | C21: 0.7 | D21: 10.5 | E21: 0.2 | F21: 0 | G21: 0.7 | H21: 0 | I21: 0 | J21: 0 | K21: 0 | L21: 160 | M21: 150 | N21: 7 | O21: 15 | P21: 11 | Q21: 0.08 | R21: 0.03 | S21: 0 | T21: 0 | U21: 0 | V21: 0 | W21: 0 | X21: 0.4 | Y21: 0.1 | Z21: 0 | AA21: 4 | AB21: 0.09 | AC21: Uova | AD21: albume_liquido_pastorizzato_brick | AE21: proteine | AF21: crudo | AG21: 1.03 | AJ21: 0 | AK21: 0 | AL21: 0 | AM21: 1 | AN21: 0 | AO21: 0 | AP21: 0 | AQ21: 0 | AR21: 0 | AS21: 0 | AT21: 0 | AU21: 0 | AV21: 0 | AW21: 0 | AX21: 0 | AY21: 0 | AZ21: 0 | BA21: =_xlfn.TEXTJOIN(", ",TRUE(),IF(AJ21=1,"glutine",IF(AJ21=2,"glutine (tracce)","")),IF(AK21=1,"latte",IF(AK21=2,"latte (tracce)","")),IF(AL21=1,"lattosio",IF(AL21=2,"lattosio (tracce)","")),IF(AM21=1,"uova",IF(AM21=2,"uova (tracce)","")),IF(AN21=1,"pesce",IF(AN21=2,"pesce (tracce)","")),IF(AO21=1,"crostacei",IF(AO21=2,"crostacei (tracce)","")),IF(AP21=1,"molluschi",IF(AP21=2,"molluschi (tracce)","")),IF(AQ21=1,"frutta a guscio",IF(AQ21=2,"frutta a guscio (tracce)","")),IF(AR21=1,"arachidi",IF(AR21=2,"arachidi (tracce)","")),IF(AS21=1,"soia",IF(AS21=2,"soia (tracce)","")),IF(AT21=1,"sesamo",IF(AT21=2,"sesamo (tracce)","")),IF(AU21=1,"sedano",IF(AU21=2,"sedano (tracce)","")),IF(AV21=1,"senape",IF(AV21=2,"senape (tracce)","")),IF(AW21=1,"solfiti",IF(AW21=2,"solfiti (tracce)","")),IF(AX21=1,"lupini",IF(AX21=2,"lupini (tracce)","")),IF(AY21=1,"nichel",IF(AY21=2,"nichel (tracce)","")),IF(AZ21=1,"FODMAP",IF(AZ21=2,"FODMAP (tracce)",""))) -> uova | BB21: =ROUND(4*C21+4*D21+9*E21+2*N(F21),0) -> 47 | BC21: Media etichette prodotti commerciali (IT)
A22: Tuorlo d'uovo | B22: 322 | C22: 3.6 | D22: 15.9 | E22: 26.5 | F22: 0 | G22: 0.6 | H22: 9.6 | I22: 11.7 | J22: 4.2 | K22: 1085 | L22: 48 | M22: 109 | N22: 129 | O22: 390 | P22: 5 | Q22: 2.73 | R22: 2.3 | S22: 381 | T22: 0 | U22: 5.4 | V22: 2.58 | W22: 0.18 | X22: 0.53 | Y22: 0.02 | Z22: 0.35 | AA22: 146 | AB22: 1.95 | AC22: Uova | AD22: tuorlo_d_uovo | AE22: grassi | AF22: crudo | AH22: 17 | AI22: 1 tuorlo | AJ22: 0 | AK22: 0 | AL22: 0 | AM22: 1 | AN22: 0 | AO22: 0 | AP22: 0 | AQ22: 0 | AR22: 0 | AS22: 0 | AT22: 0 | AU22: 0 | AV22: 0 | AW22: 0 | AX22: 0 | AY22: 0 | AZ22: 0 | BA22: =_xlfn.TEXTJOIN(", ",TRUE(),IF(AJ22=1,"glutine",IF(AJ22=2,"glutine (tracce)","")),IF(AK22=1,"latte",IF(AK22=2,"latte (tracce)","")),IF(AL22=1,"lattosio",IF(AL22=2,"lattosio (tracce)","")),IF(AM22=1,"uova",IF(AM22=2,"uova (tracce)","")),IF(AN22=1,"pesce",IF(AN22=2,"pesce (tracce)","")),IF(AO22=1,"crostacei",IF(AO22=2,"crostacei (tracce)","")),IF(AP22=1,"molluschi",IF(AP22=2,"molluschi (tracce)","")),IF(AQ22=1,"frutta a guscio",IF(AQ22=2,"frutta a guscio (tracce)","")),IF(AR22=1,"arachidi",IF(AR22=2,"arachidi (tracce)","")),IF(AS22=1,"soia",IF(AS22=2,"soia (tracce)","")),IF(AT22=1,"sesamo",IF(AT22=2,"sesamo (tracce)","")),IF(AU22=1,"sedano",IF(AU22=2,"sedano (tracce)","")),IF(AV22=1,"senape",IF(AV22=2,"senape (tracce)","")),IF(AW22=1,"solfiti",IF(AW22=2,"solfiti (tracce)","")),IF(AX22=1,"lupini",IF(AX22=2,"lupini (tracce)","")),IF(AY22=1,"nichel",IF(AY22=2,"nichel (tracce)","")),IF(AZ22=1,"FODMAP",IF(AZ22=2,"FODMAP (tracce)",""))) -> uova | BB22: =ROUND(4*C22+4*D22+9*E22+2*N(F22),0) -> 317 | BC22: USDA FoodData Central – SR Legacy
A23: Petto di pollo (senza pelle) | B23: 100 | C23: 0 | D23: 23.3 | E23: 0.8 | F23: 0 | G23: 0 | H23: 0.25 | I23: 0.3 | J23: 0.2 | K23: 60 | L23: 33 | M23: 370 | N23: 4 | O23: 210 | P23: 29 | Q23: 0.4 | R23: 0.7 | S23: 6 | T23: 0 | U23: 0.1 | V23: 0.2 | W23: 0.07 | X23: 0.12 | Y23: 10.6 | Z23: 0.6 | AA23: 4 | AB23: 0.4 | AC23: Carni | AD23: petto_di_pollo_senza_pelle | AE23: proteine | AF23: crudo | AJ23: 0 | AK23: 0 | AL23: 0 | AM23: 0 | AN23: 0 | AO23: 0 | AP23: 0 | AQ23: 0 | AR23: 0 | AS23: 0 | AT23: 0 | AU23: 0 | AV23: 0 | AW23: 0 | AX23: 0 | AY23: 0 | AZ23: 0 | BA23: =_xlfn.TEXTJOIN(", ",TRUE(),IF(AJ23=1,"glutine",IF(AJ23=2,"glutine (tracce)","")),IF(AK23=1,"latte",IF(AK23=2,"latte (tracce)","")),IF(AL23=1,"lattosio",IF(AL23=2,"lattosio (tracce)","")),IF(AM23=1,"uova",IF(AM23=2,"uova (tracce)","")),IF(AN23=1,"pesce",IF(AN23=2,"pesce (tracce)","")),IF(AO23=1,"crostacei",IF(AO23=2,"crostacei (tracce)","")),IF(AP23=1,"molluschi",IF(AP23=2,"molluschi (tracce)","")),IF(AQ23=1,"frutta a guscio",IF(AQ23=2,"frutta a guscio (tracce)","")),IF(AR23=1,"arachidi",IF(AR23=2,"arachidi (tracce)","")),IF(AS23=1,"soia",IF(AS23=2,"soia (tracce)","")),IF(AT23=1,"sesamo",IF(AT23=2,"sesamo (tracce)","")),IF(AU23=1,"sedano",IF(AU23=2,"sedano (tracce)","")),IF(AV23=1,"senape",IF(AV23=2,"senape (tracce)","")),IF(AW23=1,"solfiti",IF(AW23=2,"solfiti (tracce)","")),IF(AX23=1,"lupini",IF(AX23=2,"lupini (tracce)","")),IF(AY23=1,"nichel",IF(AY23=2,"nichel (tracce)","")),IF(AZ23=1,"FODMAP",IF(AZ23=2,"FODMAP (tracce)",""))) | BB23: =ROUND(4*C23+4*D23+9*E23+2*N(F23),0) -> 100 | BC23: CREA – Tabelle di composizione degli alimenti
A24: Petto di tacchino | B24: 107 | C24: 0 | D24: 24 | E24: 1.2 | F24: 0 | G24: 0 | H24: 0.4 | I24: 0.3 | J24: 0.3 | K24: 50 | L24: 42 | M24: 360 | N24: 9 | O24: 210 | P24: 27 | Q24: 0.9 | R24: 1.2 | S24: 0 | T24: 0 | U24: 0.1 | V24: 0.1 | W24: 0.05 | X24: 0.13 | Y24: 9 | Z24: 0.65 | AA24: 7 | AB24: 0.4 | AC24: Carni | AD24: petto_di_tacchino | AE24: proteine | AF24: crudo | AJ24: 0 | AK24: 0 | AL24: 0 | AM24: 0 | AN24: 0 | AO24: 0 | AP24: 0 | AQ24: 0 | AR24: 0 | AS24: 0 | AT24: 0 | AU24: 0 | AV24: 0 | AW24: 0 | AX24: 0 | AY24: 0 | AZ24: 0 | BA24: =_xlfn.TEXTJOIN(", ",TRUE(),IF(AJ24=1,"glutine",IF(AJ24=2,"glutine (tracce)","")),IF(AK24=1,"latte",IF(AK24=2,"latte (tracce)","")),IF(AL24=1,"lattosio",IF(AL24=2,"lattosio (tracce)","")),IF(AM24=1,"uova",IF(AM24=2,"uova (tracce)","")),IF(AN24=1,"pesce",IF(AN24=2,"pesce (tracce)","")),IF(AO24=1,"crostacei",IF(AO24=2,"crostacei (tracce)","")),IF(AP24=1,"molluschi",IF(AP24=2,"molluschi (tracce)","")),IF(AQ24=1,"frutta a guscio",IF(AQ24=2,"frutta a guscio (tracce)","")),IF(AR24=1,"arachidi",IF(AR24=2,"arachidi (tracce)","")),IF(AS24=1,"soia",IF(AS24=2,"soia (tracce)","")),IF(AT24=1,"sesamo",IF(AT24=2,"sesamo (tracce)","")),IF(AU24=1,"sedano",IF(AU24=2,"sedano (tracce)","")),IF(AV24=1,"senape",IF(AV24=2,"senape (tracce)","")),IF(AW24=1,"solfiti",IF(AW24=2,"solfiti (tracce)","")),IF(AX24=1,"lupini",IF(AX24=2,"lupini (tracce)","")),IF(AY24=1,"nichel",IF(AY24=2,"nichel (tracce)","")),IF(AZ24=1,"FODMAP",IF(AZ24=2,"FODMAP (tracce)",""))) | BB24: =ROUND(4*C24+4*D24+9*E24+2*N(F24),0) -> 107 | BC24: CREA – Tabelle di composizione degli alimenti
A25: Coscia di pollo (senza pelle) | B25: 121 | C25: 0 | D25: 19.7 | E25: 4.1 | F25: 0 | G25: 0 | H25: 1 | I25: 1.25 | J25: 0.9 | K25: 94 | L25: 95 | M25: 237 | N25: 9 | O25: 186 | P25: 23 | Q25: 0.8 | R25: 1.6 | S25: 18 | T25: 0 | U25: 0.1 | V25: 0.2 | W25: 0.08 | X25: 0.18 | Y25: 5.8 | Z25: 0.42 | AA25: 9 | AB25: 0.5 | AC25: Carni | AD25: coscia_di_pollo_senza_pelle | AE25: proteine | AF25: crudo | AJ25: 0 | AK25: 0 | AL25: 0 | AM25: 0 | AN25: 0 | AO25: 0 | AP25: 0 | AQ25: 0 | AR25: 0 | AS25: 0 | AT25: 0 | AU25: 0 | AV25: 0 | AW25: 0 | AX25: 0 | AY25: 0 | AZ25: 0 | BA25: =_xlfn.TEXTJOIN(", ",TRUE(),IF(AJ25=1,"glutine",IF(AJ25=2,"glutine (tracce)","")),IF(AK25=1,"latte",IF(AK25=2,"latte (tracce)","")),IF(AL25=1,"lattosio",IF(AL25=2,"lattosio (tracce)","")),IF(AM25=1,"uova",IF(AM25=2,"uova (tracce)","")),IF(AN25=1,"pesce",IF(AN25=2,"pesce (tracce)","")),IF(AO25=1,"crostacei",IF(AO25=2,"crostacei (tracce)","")),IF(AP25=1,"molluschi",IF(AP25=2,"molluschi (tracce)","")),IF(AQ25=1,"frutta a guscio",IF(AQ25=2,"frutta a guscio (tracce)","")),IF(AR25=1,"arachidi",IF(AR25=2,"arachidi (tracce)","")),IF(AS25=1,"soia",IF(AS25=2,"soia (tracce)","")),IF(AT25=1,"sesamo",IF(AT25=2,"sesamo (tracce)","")),IF(AU25=1,"sedano",IF(AU25=2,"sedano (tracce)","")),IF(AV25=1,"senape",IF(AV25=2,"senape (tracce)","")),IF(AW25=1,"solfiti",IF(AW25=2,"solfiti (tracce)","")),IF(AX25=1,"lupini",IF(AX25=2,"lupini (tracce)","")),IF(AY25=1,"nichel",IF(AY25=2,"nichel (tracce)","")),IF(AZ25=1,"FODMAP",IF(AZ25=2,"FODMAP (tracce)",""))) | BB25: =ROUND(4*C25+4*D25+9*E25+2*N(F25),0) -> 116 | BC25: USDA FoodData Central – SR Legacy
A26: Manzo magro (girello/fesa) | B26: 113 | C26: 0 | D26: 21.8 | E26: 2.9 | F26: 0 | G26: 0 | H26: 1.1 | I26: 1.2 | J26: 0.15 | K26: 60 | L26: 50 | M26: 330 | N26: 5 | O26: 200 | P26: 22 | Q26: 1.9 | R26: 4 | S26: 0 | T26: 0 | U26: 0.1 | V26: 0.3 | W26: 0.08 | X26: 0.17 | Y26: 5.5 | Z26: 0.5 | AA26: 8 | AB26: 2 | AC26: Carni | AD26: manzo_magro_girello_fesa | AE26: proteine | AF26: crudo | AJ26: 0 | AK26: 0 | AL26: 0 | AM26: 0 | AN26: 0 | AO26: 0 | AP26: 0 | AQ26: 0 | AR26: 0 | AS26: 0 | AT26: 0 | AU26: 0 | AV26: 0 | AW26: 0 | AX26: 0 | AY26: 0 | AZ26: 0 | BA26: =_xlfn.TEXTJOIN(", ",TRUE(),IF(AJ26=1,"glutine",IF(AJ26=2,"glutine (tracce)","")),IF(AK26=1,"latte",IF(AK26=2,"latte (tracce)","")),IF(AL26=1,"lattosio",IF(AL26=2,"lattosio (tracce)","")),IF(AM26=1,"uova",IF(AM26=2,"uova (tracce)","")),IF(AN26=1,"pesce",IF(AN26=2,"pesce (tracce)","")),IF(AO26=1,"crostacei",IF(AO26=2,"crostacei (tracce)","")),IF(AP26=1,"molluschi",IF(AP26=2,"molluschi (tracce)","")),IF(AQ26=1,"frutta a guscio",IF(AQ26=2,"frutta a guscio (tracce)","")),IF(AR26=1,"arachidi",IF(AR26=2,"arachidi (tracce)","")),IF(AS26=1,"soia",IF(AS26=2,"soia (tracce)","")),IF(AT26=1,"sesamo",IF(AT26=2,"sesamo (tracce)","")),IF(AU26=1,"sedano",IF(AU26=2,"sedano (tracce)","")),IF(AV26=1,"senape",IF(AV26=2,"senape (tracce)","")),IF(AW26=1,"solfiti",IF(AW26=2,"solfiti (tracce)","")),IF(AX26=1,"lupini",IF(AX26=2,"lupini (tracce)","")),IF(AY26=1,"nichel",IF(AY26=2,"nichel (tracce)","")),IF(AZ26=1,"FODMAP",IF(AZ26=2,"FODMAP (tracce)",""))) | BB26: =ROUND(4*C26+4*D26+9*E26+2*N(F26),0) -> 113 | BC26: CREA – Tabelle di composizione degli alimenti
A27: Macinato di manzo magro (5% grassi) | B27: 137 | C27: 0 | D27: 21.4 | E27: 5 | F27: 0 | G27: 0 | H27: 2.3 | I27: 2.1 | J27: 0.3 | K27: 62 | L27: 66 | M27: 343 | N27: 6 | O27: 199 | P27: 21 | Q27: 2.4 | R27: 5.4 | S27: 0 | T27: 0 | U27: 0.1 | V27: 0.2 | W27: 0.05 | X27: 0.16 | Y27: 6 | Z27: 0.37 | AA27: 7 | AB27: 2.2 | AC27: Carni | AD27: macinato_di_manzo_magro_5_grassi | AE27: proteine | AF27: crudo | AJ27: 0 | AK27: 0 | AL27: 0 | AM27: 0 | AN27: 0 | AO27: 0 | AP27: 0 | AQ27: 0 | AR27: 0 | AS27: 0 | AT27: 0 | AU27: 0 | AV27: 0 | AW27: 0 | AX27: 0 | AY27: 0 | AZ27: 0 | BA27: =_xlfn.TEXTJOIN(", ",TRUE(),IF(AJ27=1,"glutine",IF(AJ27=2,"glutine (tracce)","")),IF(AK27=1,"latte",IF(AK27=2,"latte (tracce)","")),IF(AL27=1,"lattosio",IF(AL27=2,"lattosio (tracce)","")),IF(AM27=1,"uova",IF(AM27=2,"uova (tracce)","")),IF(AN27=1,"pesce",IF(AN27=2,"pesce (tracce)","")),IF(AO27=1,"crostacei",IF(AO27=2,"crostacei (tracce)","")),IF(AP27=1,"molluschi",IF(AP27=2,"molluschi (tracce)","")),IF(AQ27=1,"frutta a guscio",IF(AQ27=2,"frutta a guscio (tracce)","")),IF(AR27=1,"arachidi",IF(AR27=2,"arachidi (tracce)","")),IF(AS27=1,"soia",IF(AS27=2,"soia (tracce)","")),IF(AT27=1,"sesamo",IF(AT27=2,"sesamo (tracce)","")),IF(AU27=1,"sedano",IF(AU27=2,"sedano (tracce)","")),IF(AV27=1,"senape",IF(AV27=2,"senape (tracce)","")),IF(AW27=1,"solfiti",IF(AW27=2,"solfiti (tracce)","")),IF(AX27=1,"lupini",IF(AX27=2,"lupini (tracce)","")),IF(AY27=1,"nichel",IF(AY27=2,"nichel (tracce)","")),IF(AZ27=1,"FODMAP",IF(AZ27=2,"FODMAP (tracce)",""))) | BB27: =ROUND(4*C27+4*D27+9*E27+2*N(F27),0) -> 131 | BC27: USDA FoodData Central – SR Legacy
A28: Vitello (fesa) | B28: 92 | C28: 0 | D28: 20.7 | E28: 1 | F28: 0 | G28: 0 | H28: 0.4 | I28: 0.3 | J28: 0.2 | K28: 70 | L28: 50 | M28: 340 | N28: 7 | O28: 190 | P28: 20 | Q28: 0.8 | R28: 3 | S28: 0 | T28: 0 | U28: 0.1 | V28: 0.2 | W28: 0.07 | X28: 0.2 | Y28: 6.8 | Z28: 0.5 | AA28: 15 | AB28: 1.2 | AC28: Carni | AD28: vitello_fesa | AE28: proteine | AF28: crudo | AJ28: 0 | AK28: 0 | AL28: 0 | AM28: 0 | AN28: 0 | AO28: 0 | AP28: 0 | AQ28: 0 | AR28: 0 | AS28: 0 | AT28: 0 | AU28: 0 | AV28: 0 | AW28: 0 | AX28: 0 | AY28: 0 | AZ28: 0 | BA28: =_xlfn.TEXTJOIN(", ",TRUE(),IF(AJ28=1,"glutine",IF(AJ28=2,"glutine (tracce)","")),IF(AK28=1,"latte",IF(AK28=2,"latte (tracce)","")),IF(AL28=1,"lattosio",IF(AL28=2,"lattosio (tracce)","")),IF(AM28=1,"uova",IF(AM28=2,"uova (tracce)","")),IF(AN28=1,"pesce",IF(AN28=2,"pesce (tracce)","")),IF(AO28=1,"crostacei",IF(AO28=2,"crostacei (tracce)","")),IF(AP28=1,"molluschi",IF(AP28=2,"molluschi (tracce)","")),IF(AQ28=1,"frutta a guscio",IF(AQ28=2,"frutta a guscio (tracce)","")),IF(AR28=1,"arachidi",IF(AR28=2,"arachidi (tracce)","")),IF(AS28=1,"soia",IF(AS28=2,"soia (tracce)","")),IF(AT28=1,"sesamo",IF(AT28=2,"sesamo (tracce)","")),IF(AU28=1,"sedano",IF(AU28=2,"sedano (tracce)","")),IF(AV28=1,"senape",IF(AV28=2,"senape (tracce)","")),IF(AW28=1,"solfiti",IF(AW28=2,"solfiti (tracce)","")),IF(AX28=1,"lupini",IF(AX28=2,"lupini (tracce)","")),IF(AY28=1,"nichel",IF(AY28=2,"nichel (tracce)","")),IF(AZ28=1,"FODMAP",IF(AZ28=2,"FODMAP (tracce)",""))) | BB28: =ROUND(4*C28+4*D28+9*E28+2*N(F28),0) -> 92 | BC28: CREA – Tabelle di composizione degli alimenti
A29: Lonza di maiale | B29: 138 | C29: 0 | D29: 21.4 | E29: 5.8 | F29: 0 | G29: 0 | H29: 2 | I29: 2.5 | J29: 0.7 | K29: 62 | L29: 52 | M29: 360 | N29: 6 | O29: 220 | P29: 25 | Q29: 0.8 | R29: 1.9 | S29: 2 | T29: 0 | U29: 0.6 | V29: 0.2 | W29: 0.9 | X29: 0.25 | Y29: 7 | Z29: 0.6 | AA29: 1 | AB29: 0.6 | AC29: Carni | AD29: lonza_di_maiale | AE29: proteine | AF29: crudo | AJ29: 0 | AK29: 0 | AL29: 0 | AM29: 0 | AN29: 0 | AO29: 0 | AP29: 0 | AQ29: 0 | AR29: 0 | AS29: 0 | AT29: 0 | AU29: 0 | AV29: 0 | AW29: 0 | AX29: 0 | AY29: 0 | AZ29: 0 | BA29: =_xlfn.TEXTJOIN(", ",TRUE(),IF(AJ29=1,"glutine",IF(AJ29=2,"glutine (tracce)","")),IF(AK29=1,"latte",IF(AK29=2,"latte (tracce)","")),IF(AL29=1,"lattosio",IF(AL29=2,"lattosio (tracce)","")),IF(AM29=1,"uova",IF(AM29=2,"uova (tracce)","")),IF(AN29=1,"pesce",IF(AN29=2,"pesce (tracce)","")),IF(AO29=1,"crostacei",IF(AO29=2,"crostacei (tracce)","")),IF(AP29=1,"molluschi",IF(AP29=2,"molluschi (tracce)","")),IF(AQ29=1,"frutta a guscio",IF(AQ29=2,"frutta a guscio (tracce)","")),IF(AR29=1,"arachidi",IF(AR29=2,"arachidi (tracce)","")),IF(AS29=1,"soia",IF(AS29=2,"soia (tracce)","")),IF(AT29=1,"sesamo",IF(AT29=2,"sesamo (tracce)","")),IF(AU29=1,"sedano",IF(AU29=2,"sedano (tracce)","")),IF(AV29=1,"senape",IF(AV29=2,"senape (tracce)","")),IF(AW29=1,"solfiti",IF(AW29=2,"solfiti (tracce)","")),IF(AX29=1,"lupini",IF(AX29=2,"lupini (tracce)","")),IF(AY29=1,"nichel",IF(AY29=2,"nichel (tracce)","")),IF(AZ29=1,"FODMAP",IF(AZ29=2,"FODMAP (tracce)",""))) | BB29: =ROUND(4*C29+4*D29+9*E29+2*N(F29),0) -> 138 | BC29: USDA FoodData Central – SR Legacy
A30: Filetto di maiale | B30: 120 | C30: 0 | D30: 21 | E30: 3.4 | F30: 0 | G30: 0 | H30: 1.2 | I30: 1.4 | J30: 0.4 | K30: 65 | L30: 53 | M30: 400 | N30: 5 | O30: 240 | P30: 27 | Q30: 1 | R30: 1.9 | S30: 0 | T30: 0 | U30: 0.5 | V30: 0.2 | W30: 0.98 | X30: 0.34 | Y30: 6.7 | Z30: 0.78 | AA30: 0 | AB30: 0.5 | AC30: Carni | AD30: filetto_di_maiale | AE30: proteine | AF30: crudo | AJ30: 0 | AK30: 0 | AL30: 0 | AM30: 0 | AN30: 0 | AO30: 0 | AP30: 0 | AQ30: 0 | AR30: 0 | AS30: 0 | AT30: 0 | AU30: 0 | AV30: 0 | AW30: 0 | AX30: 0 | AY30: 0 | AZ30: 0 | BA30: =_xlfn.TEXTJOIN(", ",TRUE(),IF(AJ30=1,"glutine",IF(AJ30=2,"glutine (tracce)","")),IF(AK30=1,"latte",IF(AK30=2,"latte (tracce)","")),IF(AL30=1,"lattosio",IF(AL30=2,"lattosio (tracce)","")),IF(AM30=1,"uova",IF(AM30=2,"uova (tracce)","")),IF(AN30=1,"pesce",IF(AN30=2,"pesce (tracce)","")),IF(AO30=1,"crostacei",IF(AO30=2,"crostacei (tracce)","")),IF(AP30=1,"molluschi",IF(AP30=2,"molluschi (tracce)","")),IF(AQ30=1,"frutta a guscio",IF(AQ30=2,"frutta a guscio (tracce)","")),IF(AR30=1,"arachidi",IF(AR30=2,"arachidi (tracce)","")),IF(AS30=1,"soia",IF(AS30=2,"soia (tracce)","")),IF(AT30=1,"sesamo",IF(AT30=2,"sesamo (tracce)","")),IF(AU30=1,"sedano",IF(AU30=2,"sedano (tracce)","")),IF(AV30=1,"senape",IF(AV30=2,"senape (tracce)","")),IF(AW30=1,"solfiti",IF(AW30=2,"solfiti (tracce)","")),IF(AX30=1,"lupini",IF(AX30=2,"lupini (tracce)","")),IF(AY30=1,"nichel",IF(AY30=2,"nichel (tracce)","")),IF(AZ30=1,"FODMAP",IF(AZ30=2,"FODMAP (tracce)",""))) | BB30: =ROUND(4*C30+4*D30+9*E30+2*N(F30),0) -> 115 | BC30: USDA FoodData Central – SR Legacy
A31: Coniglio | B31: 136 | C31: 0 | D31: 20.1 | E31: 5.6 | F31: 0 | G31: 0 | H31: 1.7 | I31: 1.5 | J31: 1.1 | K31: 57 | L31: 41 | M31: 330 | N31: 13 | O31: 213 | P31: 19 | Q31: 1.57 | R31: 1.57 | S31: 0 | T31: 0 | U31: 0 | V31: 0.1 | W31: 0.1 | X31: 0.15 | Y31: 7.8 | Z31: 0.47 | AA31: 8 | AB31: 7.2 | AC31: Carni | AD31: coniglio | AE31: proteine | AF31: crudo | AJ31: 0 | AK31: 0 | AL31: 0 | AM31: 0 | AN31: 0 | AO31: 0 | AP31: 0 | AQ31: 0 | AR31: 0 | AS31: 0 | AT31: 0 | AU31: 0 | AV31: 0 | AW31: 0 | AX31: 0 | AY31: 0 | AZ31: 0 | BA31: =_xlfn.TEXTJOIN(", ",TRUE(),IF(AJ31=1,"glutine",IF(AJ31=2,"glutine (tracce)","")),IF(AK31=1,"latte",IF(AK31=2,"latte (tracce)","")),IF(AL31=1,"lattosio",IF(AL31=2,"lattosio (tracce)","")),IF(AM31=1,"uova",IF(AM31=2,"uova (tracce)","")),IF(AN31=1,"pesce",IF(AN31=2,"pesce (tracce)","")),IF(AO31=1,"crostacei",IF(AO31=2,"crostacei (tracce)","")),IF(AP31=1,"molluschi",IF(AP31=2,"molluschi (tracce)","")),IF(AQ31=1,"frutta a guscio",IF(AQ31=2,"frutta a guscio (tracce)","")),IF(AR31=1,"arachidi",IF(AR31=2,"arachidi (tracce)","")),IF(AS31=1,"soia",IF(AS31=2,"soia (tracce)","")),IF(AT31=1,"sesamo",IF(AT31=2,"sesamo (tracce)","")),IF(AU31=1,"sedano",IF(AU31=2,"sedano (tracce)","")),IF(AV31=1,"senape",IF(AV31=2,"senape (tracce)","")),IF(AW31=1,"solfiti",IF(AW31=2,"solfiti (tracce)","")),IF(AX31=1,"lupini",IF(AX31=2,"lupini (tracce)","")),IF(AY31=1,"nichel",IF(AY31=2,"nichel (tracce)","")),IF(AZ31=1,"FODMAP",IF(AZ31=2,"FODMAP (tracce)",""))) | BB31: =ROUND(4*C31+4*D31+9*E31+2*N(F31),0) -> 131 | BC31: USDA FoodData Central – SR Legacy
A32: Cavallo | B32: 133 | C32: 0.5 | D32: 21.4 | E32: 4.6 | F32: 0 | G32: 0 | H32: 1.4 | I32: 1.6 | J32: 1 | K32: 52 | L32: 53 | M32: 360 | N32: 6 | O32: 221 | P32: 24 | Q32: 3.8 | R32: 2.9 | S32: 0 | T32: 1 | W32: 0.13 | X32: 0.1 | Y32: 4.6 | Z32: 0.38 | AA32: 5 | AB32: 3 | AC32: Carni | AD32: cavallo | AE32: proteine | AF32: crudo | AJ32: 0 | AK32: 0 | AL32: 0 | AM32: 0 | AN32: 0 | AO32: 0 | AP32: 0 | AQ32: 0 | AR32: 0 | AS32: 0 | AT32: 0 | AU32: 0 | AV32: 0 | AW32: 0 | AX32: 0 | AY32: 0 | AZ32: 0 | BA32: =_xlfn.TEXTJOIN(", ",TRUE(),IF(AJ32=1,"glutine",IF(AJ32=2,"glutine (tracce)","")),IF(AK32=1,"latte",IF(AK32=2,"latte (tracce)","")),IF(AL32=1,"lattosio",IF(AL32=2,"lattosio (tracce)","")),IF(AM32=1,"uova",IF(AM32=2,"uova (tracce)","")),IF(AN32=1,"pesce",IF(AN32=2,"pesce (tracce)","")),IF(AO32=1,"crostacei",IF(AO32=2,"crostacei (tracce)","")),IF(AP32=1,"molluschi",IF(AP32=2,"molluschi (tracce)","")),IF(AQ32=1,"frutta a guscio",IF(AQ32=2,"frutta a guscio (tracce)","")),IF(AR32=1,"arachidi",IF(AR32=2,"arachidi (tracce)","")),IF(AS32=1,"soia",IF(AS32=2,"soia (tracce)","")),IF(AT32=1,"sesamo",IF(AT32=2,"sesamo (tracce)","")),IF(AU32=1,"sedano",IF(AU32=2,"sedano (tracce)","")),IF(AV32=1,"senape",IF(AV32=2,"senape (tracce)","")),IF(AW32=1,"solfiti",IF(AW32=2,"solfiti (tracce)","")),IF(AX32=1,"lupini",IF(AX32=2,"lupini (tracce)","")),IF(AY32=1,"nichel",IF(AY32=2,"nichel (tracce)","")),IF(AZ32=1,"FODMAP",IF(AZ32=2,"FODMAP (tracce)",""))) | BB32: =ROUND(4*C32+4*D32+9*E32+2*N(F32),0) -> 129 | BC32: USDA FoodData Central – SR Legacy
A33: Bresaola | B33: 151 | C33: 0.4 | D33: 32 | E33: 2.6 | F33: 0 | G33: 0.4 | H33: 0.9 | I33: 1 | J33: 0.3 | K33: 67 | L33: 1597 | M33: 505 | N33: 16 | O33: 263 | P33: 35 | Q33: 2.8 | R33: 7.4 | S33: 0 | T33: 0 | W33: 0.05 | X33: 0.2 | Y33: 9 | Z33: 0.4 | AB33: 1.5 | AC33: Salumi | AD33: bresaola | AE33: proteine | AF33: stagionato | AJ33: 0 | AK33: 0 | AL33: 0 | AM33: 0 | AN33: 0 | AO33: 0 | AP33: 0 | AQ33: 0 | AR33: 0 | AS33: 0 | AT33: 0 | AU33: 0 | AV33: 0 | AW33: 0 | AX33: 0 | AY33: 0 | AZ33: 0 | BA33: =_xlfn.TEXTJOIN(", ",TRUE(),IF(AJ33=1,"glutine",IF(AJ33=2,"glutine (tracce)","")),IF(AK33=1,"latte",IF(AK33=2,"latte (tracce)","")),IF(AL33=1,"lattosio",IF(AL33=2,"lattosio (tracce)","")),IF(AM33=1,"uova",IF(AM33=2,"uova (tracce)","")),IF(AN33=1,"pesce",IF(AN33=2,"pesce (tracce)","")),IF(AO33=1,"crostacei",IF(AO33=2,"crostacei (tracce)","")),IF(AP33=1,"molluschi",IF(AP33=2,"molluschi (tracce)","")),IF(AQ33=1,"frutta a guscio",IF(AQ33=2,"frutta a guscio (tracce)","")),IF(AR33=1,"arachidi",IF(AR33=2,"arachidi (tracce)","")),IF(AS33=1,"soia",IF(AS33=2,"soia (tracce)","")),IF(AT33=1,"sesamo",IF(AT33=2,"sesamo (tracce)","")),IF(AU33=1,"sedano",IF(AU33=2,"sedano (tracce)","")),IF(AV33=1,"senape",IF(AV33=2,"senape (tracce)","")),IF(AW33=1,"solfiti",IF(AW33=2,"solfiti (tracce)","")),IF(AX33=1,"lupini",IF(AX33=2,"lupini (tracce)","")),IF(AY33=1,"nichel",IF(AY33=2,"nichel (tracce)","")),IF(AZ33=1,"FODMAP",IF(AZ33=2,"FODMAP (tracce)",""))) | BB33: =ROUND(4*C33+4*D33+9*E33+2*N(F33),0) -> 153 | BC33: CREA – Tabelle di composizione degli alimenti
A34: Fesa di tacchino al forno (affettato) | B34: 100 | C34: 1 | D34: 21.5 | E34: 1.4 | F34: 0 | G34: 0.5 | H34: 0.5 | K34: 45 | L34: 800 | AC34: Salumi | AD34: fesa_di_tacchino_al_forno_affettato | AE34: proteine | AF34: cotto | AJ34: 0 | AK34: 0 | AL34: 0 | AM34: 0 | AN34: 0 | AO34: 0 | AP34: 0 | AQ34: 0 | AR34: 0 | AS34: 0 | AT34: 0 | AU34: 0 | AV34: 0 | AW34: 0 | AX34: 0 | AY34: 0 | AZ34: 0 | BA34: =_xlfn.TEXTJOIN(", ",TRUE(),IF(AJ34=1,"glutine",IF(AJ34=2,"glutine (tracce)","")),IF(AK34=1,"latte",IF(AK34=2,"latte (tracce)","")),IF(AL34=1,"lattosio",IF(AL34=2,"lattosio (tracce)","")),IF(AM34=1,"uova",IF(AM34=2,"uova (tracce)","")),IF(AN34=1,"pesce",IF(AN34=2,"pesce (tracce)","")),IF(AO34=1,"crostacei",IF(AO34=2,"crostacei (tracce)","")),IF(AP34=1,"molluschi",IF(AP34=2,"molluschi (tracce)","")),IF(AQ34=1,"frutta a guscio",IF(AQ34=2,"frutta a guscio (tracce)","")),IF(AR34=1,"arachidi",IF(AR34=2,"arachidi (tracce)","")),IF(AS34=1,"soia",IF(AS34=2,"soia (tracce)","")),IF(AT34=1,"sesamo",IF(AT34=2,"sesamo (tracce)","")),IF(AU34=1,"sedano",IF(AU34=2,"sedano (tracce)","")),IF(AV34=1,"senape",IF(AV34=2,"senape (tracce)","")),IF(AW34=1,"solfiti",IF(AW34=2,"solfiti (tracce)","")),IF(AX34=1,"lupini",IF(AX34=2,"lupini (tracce)","")),IF(AY34=1,"nichel",IF(AY34=2,"nichel (tracce)","")),IF(AZ34=1,"FODMAP",IF(AZ34=2,"FODMAP (tracce)",""))) | BB34: =ROUND(4*C34+4*D34+9*E34+2*N(F34),0) -> 103 | BC34: Media etichette prodotti commerciali (IT)
A35: Prosciutto crudo sgrassato | B35: 177 | C35: 0 | D35: 27.8 | E35: 7.3 | F35: 0 | G35: 0 | H35: 2.5 | I35: 3.3 | J35: 1 | K35: 70 | L35: 2000 | M35: 450 | N35: 10 | O35: 250 | P35: 25 | Q35: 1.2 | R35: 2.8 | S35: 0 | T35: 0 | U35: 0.5 | V35: 0.1 | W35: 0.8 | X35: 0.2 | Y35: 6 | Z35: 0.4 | AA35: 3 | AB35: 1 | AC35: Salumi | AD35: prosciutto_crudo_sgrassato | AE35: proteine | AF35: stagionato | AJ35: 0 | AK35: 0 | AL35: 0 | AM35: 0 | AN35: 0 | AO35: 0 | AP35: 0 | AQ35: 0 | AR35: 0 | AS35: 0 | AT35: 0 | AU35: 0 | AV35: 0 | AW35: 0 | AX35: 0 | AY35: 0 | AZ35: 0 | BA35: =_xlfn.TEXTJOIN(", ",TRUE(),IF(AJ35=1,"glutine",IF(AJ35=2,"glutine (tracce)","")),IF(AK35=1,"latte",IF(AK35=2,"latte (tracce)","")),IF(AL35=1,"lattosio",IF(AL35=2,"lattosio (tracce)","")),IF(AM35=1,"uova",IF(AM35=2,"uova (tracce)","")),IF(AN35=1,"pesce",IF(AN35=2,"pesce (tracce)","")),IF(AO35=1,"crostacei",IF(AO35=2,"crostacei (tracce)","")),IF(AP35=1,"molluschi",IF(AP35=2,"molluschi (tracce)","")),IF(AQ35=1,"frutta a guscio",IF(AQ35=2,"frutta a guscio (tracce)","")),IF(AR35=1,"arachidi",IF(AR35=2,"arachidi (tracce)","")),IF(AS35=1,"soia",IF(AS35=2,"soia (tracce)","")),IF(AT35=1,"sesamo",IF(AT35=2,"sesamo (tracce)","")),IF(AU35=1,"sedano",IF(AU35=2,"sedano (tracce)","")),IF(AV35=1,"senape",IF(AV35=2,"senape (tracce)","")),IF(AW35=1,"solfiti",IF(AW35=2,"solfiti (tracce)","")),IF(AX35=1,"lupini",IF(AX35=2,"lupini (tracce)","")),IF(AY35=1,"nichel",IF(AY35=2,"nichel (tracce)","")),IF(AZ35=1,"FODMAP",IF(AZ35=2,"FODMAP (tracce)",""))) | BB35: =ROUND(4*C35+4*D35+9*E35+2*N(F35),0) -> 177 | BC35: CREA – Tabelle di composizione degli alimenti
A36: Prosciutto cotto alta qualità | B36: 143 | C36: 1 | D36: 19 | E36: 7 | F36: 0 | G36: 1 | H36: 2.5 | K36: 60 | L36: 800 | AC36: Salumi | AD36: prosciutto_cotto_alta_qualita | AE36: proteine | AF36: cotto | AJ36: 0 | AK36: 0 | AL36: 0 | AM36: 0 | AN36: 0 | AO36: 0 | AP36: 0 | AQ36: 0 | AR36: 0 | AS36: 0 | AT36: 0 | AU36: 0 | AV36: 0 | AW36: 0 | AX36: 0 | AY36: 0 | AZ36: 0 | BA36: =_xlfn.TEXTJOIN(", ",TRUE(),IF(AJ36=1,"glutine",IF(AJ36=2,"glutine (tracce)","")),IF(AK36=1,"latte",IF(AK36=2,"latte (tracce)","")),IF(AL36=1,"lattosio",IF(AL36=2,"lattosio (tracce)","")),IF(AM36=1,"uova",IF(AM36=2,"uova (tracce)","")),IF(AN36=1,"pesce",IF(AN36=2,"pesce (tracce)","")),IF(AO36=1,"crostacei",IF(AO36=2,"crostacei (tracce)","")),IF(AP36=1,"molluschi",IF(AP36=2,"molluschi (tracce)","")),IF(AQ36=1,"frutta a guscio",IF(AQ36=2,"frutta a guscio (tracce)","")),IF(AR36=1,"arachidi",IF(AR36=2,"arachidi (tracce)","")),IF(AS36=1,"soia",IF(AS36=2,"soia (tracce)","")),IF(AT36=1,"sesamo",IF(AT36=2,"sesamo (tracce)","")),IF(AU36=1,"sedano",IF(AU36=2,"sedano (tracce)","")),IF(AV36=1,"senape",IF(AV36=2,"senape (tracce)","")),IF(AW36=1,"solfiti",IF(AW36=2,"solfiti (tracce)","")),IF(AX36=1,"lupini",IF(AX36=2,"lupini (tracce)","")),IF(AY36=1,"nichel",IF(AY36=2,"nichel (tracce)","")),IF(AZ36=1,"FODMAP",IF(AZ36=2,"FODMAP (tracce)",""))) | BB36: =ROUND(4*C36+4*D36+9*E36+2*N(F36),0) -> 143 | BC36: Media etichette prodotti commerciali (IT)
A37: Merluzzo | B37: 82 | C37: 0 | D37: 17.8 | E37: 0.7 | F37: 0 | G37: 0 | H37: 0.13 | I37: 0.09 | J37: 0.23 | K37: 43 | L37: 54 | M37: 413 | N37: 16 | O37: 203 | P37: 32 | Q37: 0.38 | R37: 0.45 | S37: 12 | T37: 1 | U37: 0.9 | V37: 0.64 | W37: 0.08 | X37: 0.07 | Y37: 2.06 | Z37: 0.25 | AA37: 7 | AB37: 0.91 | AC37: Pesce | AD37: merluzzo | AE37: proteine | AF37: crudo | AJ37: 0 | AK37: 0 | AL37: 0 | AM37: 0 | AN37: 1 | AO37: 0 | AP37: 0 | AQ37: 0 | AR37: 0 | AS37: 0 | AT37: 0 | AU37: 0 | AV37: 0 | AW37: 0 | AX37: 0 | AY37: 0 | AZ37: 0 | BA37: =_xlfn.TEXTJOIN(", ",TRUE(),IF(AJ37=1,"glutine",IF(AJ37=2,"glutine (tracce)","")),IF(AK37=1,"latte",IF(AK37=2,"latte (tracce)","")),IF(AL37=1,"lattosio",IF(AL37=2,"lattosio (tracce)","")),IF(AM37=1,"uova",IF(AM37=2,"uova (tracce)","")),IF(AN37=1,"pesce",IF(AN37=2,"pesce (tracce)","")),IF(AO37=1,"crostacei",IF(AO37=2,"crostacei (tracce)","")),IF(AP37=1,"molluschi",IF(AP37=2,"molluschi (tracce)","")),IF(AQ37=1,"frutta a guscio",IF(AQ37=2,"frutta a guscio (tracce)","")),IF(AR37=1,"arachidi",IF(AR37=2,"arachidi (tracce)","")),IF(AS37=1,"soia",IF(AS37=2,"soia (tracce)","")),IF(AT37=1,"sesamo",IF(AT37=2,"sesamo (tracce)","")),IF(AU37=1,"sedano",IF(AU37=2,"sedano (tracce)","")),IF(AV37=1,"senape",IF(AV37=2,"senape (tracce)","")),IF(AW37=1,"solfiti",IF(AW37=2,"solfiti (tracce)","")),IF(AX37=1,"lupini",IF(AX37=2,"lupini (tracce)","")),IF(AY37=1,"nichel",IF(AY37=2,"nichel (tracce)","")),IF(AZ37=1,"FODMAP",IF(AZ37=2,"FODMAP (tracce)",""))) -> pesce | BB37: =ROUND(4*C37+4*D37+9*E37+2*N(F37),0) -> 78 | BC37: USDA FoodData Central – SR Legacy
A38: Nasello | B38: 71 | C38: 0 | D38: 17 | E38: 0.3 | F38: 0 | G38: 0 | H38: 0.06 | I38: 0.05 | J38: 0.1 | K38: 50 | L38: 100 | M38: 330 | N38: 30 | O38: 200 | P38: 25 | Q38: 0.4 | R38: 0.4 | S38: 10 | T38: 0 | U38: 0.9 | V38: 0.5 | W38: 0.06 | X38: 0.1 | Y38: 2 | Z38: 0.2 | AA38: 7 | AB38: 1 | AC38: Pesce | AD38: nasello | AE38: proteine | AF38: crudo | AJ38: 0 | AK38: 0 | AL38: 0 | AM38: 0 | AN38: 1 | AO38: 0 | AP38: 0 | AQ38: 0 | AR38: 0 | AS38: 0 | AT38: 0 | AU38: 0 | AV38: 0 | AW38: 0 | AX38: 0 | AY38: 0 | AZ38: 0 | BA38: =_xlfn.TEXTJOIN(", ",TRUE(),IF(AJ38=1,"glutine",IF(AJ38=2,"glutine (tracce)","")),IF(AK38=1,"latte",IF(AK38=2,"latte (tracce)","")),IF(AL38=1,"lattosio",IF(AL38=2,"lattosio (tracce)","")),IF(AM38=1,"uova",IF(AM38=2,"uova (tracce)","")),IF(AN38=1,"pesce",IF(AN38=2,"pesce (tracce)","")),IF(AO38=1,"crostacei",IF(AO38=2,"crostacei (tracce)","")),IF(AP38=1,"molluschi",IF(AP38=2,"molluschi (tracce)","")),IF(AQ38=1,"frutta a guscio",IF(AQ38=2,"frutta a guscio (tracce)","")),IF(AR38=1,"arachidi",IF(AR38=2,"arachidi (tracce)","")),IF(AS38=1,"soia",IF(AS38=2,"soia (tracce)","")),IF(AT38=1,"sesamo",IF(AT38=2,"sesamo (tracce)","")),IF(AU38=1,"sedano",IF(AU38=2,"sedano (tracce)","")),IF(AV38=1,"senape",IF(AV38=2,"senape (tracce)","")),IF(AW38=1,"solfiti",IF(AW38=2,"solfiti (tracce)","")),IF(AX38=1,"lupini",IF(AX38=2,"lupini (tracce)","")),IF(AY38=1,"nichel",IF(AY38=2,"nichel (tracce)","")),IF(AZ38=1,"FODMAP",IF(AZ38=2,"FODMAP (tracce)",""))) -> pesce | BB38: =ROUND(4*C38+4*D38+9*E38+2*N(F38),0) -> 71 | BC38: CREA – Tabelle di composizione degli alimenti
A39: Platessa | B39: 80 | C39: 0 | D39: 16.7 | E39: 1.4 | F39: 0 | G39: 0 | H39: 0.3 | I39: 0.4 | J39: 0.4 | K39: 50 | L39: 81 | M39: 263 | N39: 20 | O39: 190 | P39: 25 | Q39: 0.3 | R39: 0.4 | S39: 10 | T39: 0 | U39: 1 | V39: 0.5 | W39: 0.1 | X39: 0.1 | Y39: 2.5 | Z39: 0.2 | AA39: 10 | AB39: 1.5 | AC39: Pesce | AD39: platessa | AE39: proteine | AF39: crudo | AJ39: 0 | AK39: 0 | AL39: 0 | AM39: 0 | AN39: 1 | AO39: 0 | AP39: 0 | AQ39: 0 | AR39: 0 | AS39: 0 | AT39: 0 | AU39: 0 | AV39: 0 | AW39: 0 | AX39: 0 | AY39: 0 | AZ39: 0 | BA39: =_xlfn.TEXTJOIN(", ",TRUE(),IF(AJ39=1,"glutine",IF(AJ39=2,"glutine (tracce)","")),IF(AK39=1,"latte",IF(AK39=2,"latte (tracce)","")),IF(AL39=1,"lattosio",IF(AL39=2,"lattosio (tracce)","")),IF(AM39=1,"uova",IF(AM39=2,"uova (tracce)","")),IF(AN39=1,"pesce",IF(AN39=2,"pesce (tracce)","")),IF(AO39=1,"crostacei",IF(AO39=2,"crostacei (tracce)","")),IF(AP39=1,"molluschi",IF(AP39=2,"molluschi (tracce)","")),IF(AQ39=1,"frutta a guscio",IF(AQ39=2,"frutta a guscio (tracce)","")),IF(AR39=1,"arachidi",IF(AR39=2,"arachidi (tracce)","")),IF(AS39=1,"soia",IF(AS39=2,"soia (tracce)","")),IF(AT39=1,"sesamo",IF(AT39=2,"sesamo (tracce)","")),IF(AU39=1,"sedano",IF(AU39=2,"sedano (tracce)","")),IF(AV39=1,"senape",IF(AV39=2,"senape (tracce)","")),IF(AW39=1,"solfiti",IF(AW39=2,"solfiti (tracce)","")),IF(AX39=1,"lupini",IF(AX39=2,"lupini (tracce)","")),IF(AY39=1,"nichel",IF(AY39=2,"nichel (tracce)","")),IF(AZ39=1,"FODMAP",IF(AZ39=2,"FODMAP (tracce)",""))) -> pesce | BB39: =ROUND(4*C39+4*D39+9*E39+2*N(F39),0) -> 79 | BC39: CREA – Tabelle di composizione degli alimenti
A40: Sogliola | B40: 83 | C40: 0 | D40: 16.9 | E40: 1.4 | F40: 0 | G40: 0 | H40: 0.3 | I40: 0.4 | J40: 0.4 | K40: 50 | L40: 100 | M40: 280 | N40: 25 | O40: 195 | P40: 25 | Q40: 0.4 | R40: 0.4 | S40: 10 | T40: 0 | U40: 1 | V40: 0.5 | W40: 0.1 | X40: 0.1 | Y40: 2.5 | Z40: 0.2 | AA40: 10 | AB40: 1.5 | AC40: Pesce | AD40: sogliola | AE40: proteine | AF40: crudo | AJ40: 0 | AK40: 0 | AL40: 0 | AM40: 0 | AN40: 1 | AO40: 0 | AP40: 0 | AQ40: 0 | AR40: 0 | AS40: 0 | AT40: 0 | AU40: 0 | AV40: 0 | AW40: 0 | AX40: 0 | AY40: 0 | AZ40: 0 | BA40: =_xlfn.TEXTJOIN(", ",TRUE(),IF(AJ40=1,"glutine",IF(AJ40=2,"glutine (tracce)","")),IF(AK40=1,"latte",IF(AK40=2,"latte (tracce)","")),IF(AL40=1,"lattosio",IF(AL40=2,"lattosio (tracce)","")),IF(AM40=1,"uova",IF(AM40=2,"uova (tracce)","")),IF(AN40=1,"pesce",IF(AN40=2,"pesce (tracce)","")),IF(AO40=1,"crostacei",IF(AO40=2,"crostacei (tracce)","")),IF(AP40=1,"molluschi",IF(AP40=2,"molluschi (tracce)","")),IF(AQ40=1,"frutta a guscio",IF(AQ40=2,"frutta a guscio (tracce)","")),IF(AR40=1,"arachidi",IF(AR40=2,"arachidi (tracce)","")),IF(AS40=1,"soia",IF(AS40=2,"soia (tracce)","")),IF(AT40=1,"sesamo",IF(AT40=2,"sesamo (tracce)","")),IF(AU40=1,"sedano",IF(AU40=2,"sedano (tracce)","")),IF(AV40=1,"senape",IF(AV40=2,"senape (tracce)","")),IF(AW40=1,"solfiti",IF(AW40=2,"solfiti (tracce)","")),IF(AX40=1,"lupini",IF(AX40=2,"lupini (tracce)","")),IF(AY40=1,"nichel",IF(AY40=2,"nichel (tracce)","")),IF(AZ40=1,"FODMAP",IF(AZ40=2,"FODMAP (tracce)",""))) -> pesce | BB40: =ROUND(4*C40+4*D40+9*E40+2*N(F40),0) -> 80 | BC40: CREA – Tabelle di composizione degli alimenti
A41: Orata (allevamento) | B41: 121 | C41: 0 | D41: 19.7 | E41: 4.6 | F41: 0 | G41: 0 | H41: 1.2 | I41: 1.3 | J41: 1.6 | K41: 60 | L41: 70 | M41: 350 | N41: 25 | O41: 220 | P41: 30 | Q41: 0.4 | R41: 0.4 | S41: 20 | T41: 0 | U41: 3 | V41: 1 | W41: 0.1 | X41: 0.1 | Y41: 5 | Z41: 0.4 | AA41: 10 | AB41: 2 | AC41: Pesce | AD41: orata_allevamento | AE41: proteine | AF41: crudo | AJ41: 0 | AK41: 0 | AL41: 0 | AM41: 0 | AN41: 1 | AO41: 0 | AP41: 0 | AQ41: 0 | AR41: 0 | AS41: 0 | AT41: 0 | AU41: 0 | AV41: 0 | AW41: 0 | AX41: 0 | AY41: 0 | AZ41: 0 | BA41: =_xlfn.TEXTJOIN(", ",TRUE(),IF(AJ41=1,"glutine",IF(AJ41=2,"glutine (tracce)","")),IF(AK41=1,"latte",IF(AK41=2,"latte (tracce)","")),IF(AL41=1,"lattosio",IF(AL41=2,"lattosio (tracce)","")),IF(AM41=1,"uova",IF(AM41=2,"uova (tracce)","")),IF(AN41=1,"pesce",IF(AN41=2,"pesce (tracce)","")),IF(AO41=1,"crostacei",IF(AO41=2,"crostacei (tracce)","")),IF(AP41=1,"molluschi",IF(AP41=2,"molluschi (tracce)","")),IF(AQ41=1,"frutta a guscio",IF(AQ41=2,"frutta a guscio (tracce)","")),IF(AR41=1,"arachidi",IF(AR41=2,"arachidi (tracce)","")),IF(AS41=1,"soia",IF(AS41=2,"soia (tracce)","")),IF(AT41=1,"sesamo",IF(AT41=2,"sesamo (tracce)","")),IF(AU41=1,"sedano",IF(AU41=2,"sedano (tracce)","")),IF(AV41=1,"senape",IF(AV41=2,"senape (tracce)","")),IF(AW41=1,"solfiti",IF(AW41=2,"solfiti (tracce)","")),IF(AX41=1,"lupini",IF(AX41=2,"lupini (tracce)","")),IF(AY41=1,"nichel",IF(AY41=2,"nichel (tracce)","")),IF(AZ41=1,"FODMAP",IF(AZ41=2,"FODMAP (tracce)",""))) -> pesce | BB41: =ROUND(4*C41+4*D41+9*E41+2*N(F41),0) -> 120 | BC41: CREA – Tabelle di composizione degli alimenti | BD41: Semigrasso: togliere 5 ml di olio quando sostituisce un pesce magro
A42: Spigola / branzino | B42: 82 | C42: 0 | D42: 16.5 | E42: 1.5 | F42: 0 | G42: 0 | H42: 0.4 | I42: 0.4 | J42: 0.5 | K42: 50 | L42: 70 | M42: 300 | N42: 20 | O42: 200 | P42: 30 | Q42: 0.3 | R42: 0.4 | S42: 15 | T42: 0 | U42: 3 | V42: 0.5 | W42: 0.1 | X42: 0.12 | Y42: 1.6 | Z42: 0.4 | AA42: 6 | AB42: 0.3 | AC42: Pesce | AD42: spigola_branzino | AE42: proteine | AF42: crudo | AJ42: 0 | AK42: 0 | AL42: 0 | AM42: 0 | AN42: 1 | AO42: 0 | AP42: 0 | AQ42: 0 | AR42: 0 | AS42: 0 | AT42: 0 | AU42: 0 | AV42: 0 | AW42: 0 | AX42: 0 | AY42: 0 | AZ42: 0 | BA42: =_xlfn.TEXTJOIN(", ",TRUE(),IF(AJ42=1,"glutine",IF(AJ42=2,"glutine (tracce)","")),IF(AK42=1,"latte",IF(AK42=2,"latte (tracce)","")),IF(AL42=1,"lattosio",IF(AL42=2,"lattosio (tracce)","")),IF(AM42=1,"uova",IF(AM42=2,"uova (tracce)","")),IF(AN42=1,"pesce",IF(AN42=2,"pesce (tracce)","")),IF(AO42=1,"crostacei",IF(AO42=2,"crostacei (tracce)","")),IF(AP42=1,"molluschi",IF(AP42=2,"molluschi (tracce)","")),IF(AQ42=1,"frutta a guscio",IF(AQ42=2,"frutta a guscio (tracce)","")),IF(AR42=1,"arachidi",IF(AR42=2,"arachidi (tracce)","")),IF(AS42=1,"soia",IF(AS42=2,"soia (tracce)","")),IF(AT42=1,"sesamo",IF(AT42=2,"sesamo (tracce)","")),IF(AU42=1,"sedano",IF(AU42=2,"sedano (tracce)","")),IF(AV42=1,"senape",IF(AV42=2,"senape (tracce)","")),IF(AW42=1,"solfiti",IF(AW42=2,"solfiti (tracce)","")),IF(AX42=1,"lupini",IF(AX42=2,"lupini (tracce)","")),IF(AY42=1,"nichel",IF(AY42=2,"nichel (tracce)","")),IF(AZ42=1,"FODMAP",IF(AZ42=2,"FODMAP (tracce)",""))) -> pesce | BB42: =ROUND(4*C42+4*D42+9*E42+2*N(F42),0) -> 80 | BC42: CREA – Tabelle di composizione degli alimenti | BD42: Se d'allevamento più grassa (fino a ~5 g/100 g)
A43: Salmone (allevamento) | B43: 208 | C43: 0 | D43: 20.4 | E43: 13.4 | F43: 0 | G43: 0 | H43: 3.05 | I43: 3.77 | J43: 3.89 | K43: 55 | L43: 59 | M43: 363 | N43: 9 | O43: 240 | P43: 27 | Q43: 0.34 | R43: 0.36 | S43: 58 | T43: 3.9 | U43: 11 | V43: 3.55 | W43: 0.21 | X43: 0.16 | Y43: 8.67 | Z43: 0.64 | AA43: 26 | AB43: 3.23 | AC43: Pesce | AD43: salmone_allevamento | AE43: proteine | AF43: crudo | AJ43: 0 | AK43: 0 | AL43: 0 | AM43: 0 | AN43: 1 | AO43: 0 | AP43: 0 | AQ43: 0 | AR43: 0 | AS43: 0 | AT43: 0 | AU43: 0 | AV43: 0 | AW43: 0 | AX43: 0 | AY43: 0 | AZ43: 0 | BA43: =_xlfn.TEXTJOIN(", ",TRUE(),IF(AJ43=1,"glutine",IF(AJ43=2,"glutine (tracce)","")),IF(AK43=1,"latte",IF(AK43=2,"latte (tracce)","")),IF(AL43=1,"lattosio",IF(AL43=2,"lattosio (tracce)","")),IF(AM43=1,"uova",IF(AM43=2,"uova (tracce)","")),IF(AN43=1,"pesce",IF(AN43=2,"pesce (tracce)","")),IF(AO43=1,"crostacei",IF(AO43=2,"crostacei (tracce)","")),IF(AP43=1,"molluschi",IF(AP43=2,"molluschi (tracce)","")),IF(AQ43=1,"frutta a guscio",IF(AQ43=2,"frutta a guscio (tracce)","")),IF(AR43=1,"arachidi",IF(AR43=2,"arachidi (tracce)","")),IF(AS43=1,"soia",IF(AS43=2,"soia (tracce)","")),IF(AT43=1,"sesamo",IF(AT43=2,"sesamo (tracce)","")),IF(AU43=1,"sedano",IF(AU43=2,"sedano (tracce)","")),IF(AV43=1,"senape",IF(AV43=2,"senape (tracce)","")),IF(AW43=1,"solfiti",IF(AW43=2,"solfiti (tracce)","")),IF(AX43=1,"lupini",IF(AX43=2,"lupini (tracce)","")),IF(AY43=1,"nichel",IF(AY43=2,"nichel (tracce)","")),IF(AZ43=1,"FODMAP",IF(AZ43=2,"FODMAP (tracce)",""))) -> pesce | BB43: =ROUND(4*C43+4*D43+9*E43+2*N(F43),0) -> 202 | BC43: USDA FoodData Central – SR Legacy
A44: Salmone affumicato | B44: 180 | C44: 0 | D44: 22.5 | E44: 10 | F44: 0 | G44: 0 | H44: 2 | I44: 4 | J44: 3 | K44: 50 | L44: 1200 | M44: 350 | N44: 10 | O44: 220 | P44: 25 | Q44: 0.5 | R44: 0.4 | S44: 30 | T44: 0 | U44: 10 | V44: 2 | W44: 0.1 | X44: 0.15 | Y44: 7 | Z44: 0.5 | AA44: 10 | AB44: 3 | AC44: Pesce | AD44: salmone_affumicato | AE44: proteine | AF44: pronto | AJ44: 0 | AK44: 0 | AL44: 0 | AM44: 0 | AN44: 1 | AO44: 0 | AP44: 0 | AQ44: 0 | AR44: 0 | AS44: 0 | AT44: 0 | AU44: 0 | AV44: 0 | AW44: 0 | AX44: 0 | AY44: 0 | AZ44: 0 | BA44: =_xlfn.TEXTJOIN(", ",TRUE(),IF(AJ44=1,"glutine",IF(AJ44=2,"glutine (tracce)","")),IF(AK44=1,"latte",IF(AK44=2,"latte (tracce)","")),IF(AL44=1,"lattosio",IF(AL44=2,"lattosio (tracce)","")),IF(AM44=1,"uova",IF(AM44=2,"uova (tracce)","")),IF(AN44=1,"pesce",IF(AN44=2,"pesce (tracce)","")),IF(AO44=1,"crostacei",IF(AO44=2,"crostacei (tracce)","")),IF(AP44=1,"molluschi",IF(AP44=2,"molluschi (tracce)","")),IF(AQ44=1,"frutta a guscio",IF(AQ44=2,"frutta a guscio (tracce)","")),IF(AR44=1,"arachidi",IF(AR44=2,"arachidi (tracce)","")),IF(AS44=1,"soia",IF(AS44=2,"soia (tracce)","")),IF(AT44=1,"sesamo",IF(AT44=2,"sesamo (tracce)","")),IF(AU44=1,"sedano",IF(AU44=2,"sedano (tracce)","")),IF(AV44=1,"senape",IF(AV44=2,"senape (tracce)","")),IF(AW44=1,"solfiti",IF(AW44=2,"solfiti (tracce)","")),IF(AX44=1,"lupini",IF(AX44=2,"lupini (tracce)","")),IF(AY44=1,"nichel",IF(AY44=2,"nichel (tracce)","")),IF(AZ44=1,"FODMAP",IF(AZ44=2,"FODMAP (tracce)",""))) -> pesce | BB44: =ROUND(4*C44+4*D44+9*E44+2*N(F44),0) -> 180 | BC44: Macro: media etichette IT; micro: USDA FoodData Central – SR Legacy
A45: Tonno fresco | B45: 109 | C45: 0 | D45: 24.4 | E45: 0.5 | F45: 0 | G45: 0 | H45: 0.17 | I45: 0.1 | J45: 0.15 | K45: 39 | L45: 45 | M45: 441 | N45: 4 | O45: 278 | P45: 35 | Q45: 0.77 | R45: 0.37 | S45: 18 | T45: 1 | U45: 1.7 | V45: 0.24 | W45: 0.43 | X45: 0.12 | Y45: 18.4 | Z45: 0.93 | AA45: 2 | AB45: 2.08 | AC45: Pesce | AD45: tonno_fresco | AE45: proteine | AF45: crudo | AJ45: 0 | AK45: 0 | AL45: 0 | AM45: 0 | AN45: 1 | AO45: 0 | AP45: 0 | AQ45: 0 | AR45: 0 | AS45: 0 | AT45: 0 | AU45: 0 | AV45: 0 | AW45: 0 | AX45: 0 | AY45: 0 | AZ45: 0 | BA45: =_xlfn.TEXTJOIN(", ",TRUE(),IF(AJ45=1,"glutine",IF(AJ45=2,"glutine (tracce)","")),IF(AK45=1,"latte",IF(AK45=2,"latte (tracce)","")),IF(AL45=1,"lattosio",IF(AL45=2,"lattosio (tracce)","")),IF(AM45=1,"uova",IF(AM45=2,"uova (tracce)","")),IF(AN45=1,"pesce",IF(AN45=2,"pesce (tracce)","")),IF(AO45=1,"crostacei",IF(AO45=2,"crostacei (tracce)","")),IF(AP45=1,"molluschi",IF(AP45=2,"molluschi (tracce)","")),IF(AQ45=1,"frutta a guscio",IF(AQ45=2,"frutta a guscio (tracce)","")),IF(AR45=1,"arachidi",IF(AR45=2,"arachidi (tracce)","")),IF(AS45=1,"soia",IF(AS45=2,"soia (tracce)","")),IF(AT45=1,"sesamo",IF(AT45=2,"sesamo (tracce)","")),IF(AU45=1,"sedano",IF(AU45=2,"sedano (tracce)","")),IF(AV45=1,"senape",IF(AV45=2,"senape (tracce)","")),IF(AW45=1,"solfiti",IF(AW45=2,"solfiti (tracce)","")),IF(AX45=1,"lupini",IF(AX45=2,"lupini (tracce)","")),IF(AY45=1,"nichel",IF(AY45=2,"nichel (tracce)","")),IF(AZ45=1,"FODMAP",IF(AZ45=2,"FODMAP (tracce)",""))) -> pesce | BB45: =ROUND(4*C45+4*D45+9*E45+2*N(F45),0) -> 102 | BC45: USDA FoodData Central – SR Legacy
A46: Tonno al naturale (sgocciolato) | B46: 105 | C46: 0 | D46: 24 | E46: 1 | F46: 0 | G46: 0 | H46: 0.3 | I46: 0.2 | J46: 0.4 | K46: 30 | L46: 320 | M46: 237 | N46: 11 | O46: 163 | P46: 27 | Q46: 1.5 | R46: 0.77 | S46: 6 | T46: 0 | U46: 1.2 | V46: 0.33 | W46: 0.03 | X46: 0.07 | Y46: 13.3 | Z46: 0.35 | AA46: 4 | AB46: 2.99 | AC46: Pesce | AD46: tonno_al_naturale_sgocciolato | AE46: proteine | AF46: sgocciolato | AH46: 80 | AI46: 1 scatoletta (sgocciolato) | AJ46: 0 | AK46: 0 | AL46: 0 | AM46: 0 | AN46: 1 | AO46: 0 | AP46: 0 | AQ46: 0 | AR46: 0 | AS46: 0 | AT46: 0 | AU46: 0 | AV46: 0 | AW46: 0 | AX46: 0 | AY46: 1 | AZ46: 0 | BA46: =_xlfn.TEXTJOIN(", ",TRUE(),IF(AJ46=1,"glutine",IF(AJ46=2,"glutine (tracce)","")),IF(AK46=1,"latte",IF(AK46=2,"latte (tracce)","")),IF(AL46=1,"lattosio",IF(AL46=2,"lattosio (tracce)","")),IF(AM46=1,"uova",IF(AM46=2,"uova (tracce)","")),IF(AN46=1,"pesce",IF(AN46=2,"pesce (tracce)","")),IF(AO46=1,"crostacei",IF(AO46=2,"crostacei (tracce)","")),IF(AP46=1,"molluschi",IF(AP46=2,"molluschi (tracce)","")),IF(AQ46=1,"frutta a guscio",IF(AQ46=2,"frutta a guscio (tracce)","")),IF(AR46=1,"arachidi",IF(AR46=2,"arachidi (tracce)","")),IF(AS46=1,"soia",IF(AS46=2,"soia (tracce)","")),IF(AT46=1,"sesamo",IF(AT46=2,"sesamo (tracce)","")),IF(AU46=1,"sedano",IF(AU46=2,"sedano (tracce)","")),IF(AV46=1,"senape",IF(AV46=2,"senape (tracce)","")),IF(AW46=1,"solfiti",IF(AW46=2,"solfiti (tracce)","")),IF(AX46=1,"lupini",IF(AX46=2,"lupini (tracce)","")),IF(AY46=1,"nichel",IF(AY46=2,"nichel (tracce)","")),IF(AZ46=1,"FODMAP",IF(AZ46=2,"FODMAP (tracce)",""))) -> pesce, nichel | BB46: =ROUND(4*C46+4*D46+9*E46+2*N(F46),0) -> 105 | BC46: Macro: media etichette IT; micro: USDA FoodData Central – SR Legacy
A47: Tonno sott'olio (sgocciolato) | B47: 198 | C47: 0 | D47: 29.1 | E47: 8.2 | F47: 0 | G47: 0 | H47: 1.5 | I47: 2.9 | J47: 2.9 | K47: 18 | L47: 354 | M47: 207 | N47: 13 | O47: 311 | P47: 31 | Q47: 1.4 | R47: 0.9 | S47: 23 | T47: 0 | U47: 6.7 | V47: 0.87 | W47: 0.04 | X47: 0.12 | Y47: 12.4 | Z47: 0.11 | AA47: 5 | AB47: 2.2 | AC47: Pesce | AD47: tonno_sott_olio_sgocciolato | AE47: proteine | AF47: sgocciolato | AH47: 80 | AI47: 1 scatoletta (sgocciolato) | AJ47: 0 | AK47: 0 | AL47: 0 | AM47: 0 | AN47: 1 | AO47: 0 | AP47: 0 | AQ47: 0 | AR47: 0 | AS47: 0 | AT47: 0 | AU47: 0 | AV47: 0 | AW47: 0 | AX47: 0 | AY47: 1 | AZ47: 0 | BA47: =_xlfn.TEXTJOIN(", ",TRUE(),IF(AJ47=1,"glutine",IF(AJ47=2,"glutine (tracce)","")),IF(AK47=1,"latte",IF(AK47=2,"latte (tracce)","")),IF(AL47=1,"lattosio",IF(AL47=2,"lattosio (tracce)","")),IF(AM47=1,"uova",IF(AM47=2,"uova (tracce)","")),IF(AN47=1,"pesce",IF(AN47=2,"pesce (tracce)","")),IF(AO47=1,"crostacei",IF(AO47=2,"crostacei (tracce)","")),IF(AP47=1,"molluschi",IF(AP47=2,"molluschi (tracce)","")),IF(AQ47=1,"frutta a guscio",IF(AQ47=2,"frutta a guscio (tracce)","")),IF(AR47=1,"arachidi",IF(AR47=2,"arachidi (tracce)","")),IF(AS47=1,"soia",IF(AS47=2,"soia (tracce)","")),IF(AT47=1,"sesamo",IF(AT47=2,"sesamo (tracce)","")),IF(AU47=1,"sedano",IF(AU47=2,"sedano (tracce)","")),IF(AV47=1,"senape",IF(AV47=2,"senape (tracce)","")),IF(AW47=1,"solfiti",IF(AW47=2,"solfiti (tracce)","")),IF(AX47=1,"lupini",IF(AX47=2,"lupini (tracce)","")),IF(AY47=1,"nichel",IF(AY47=2,"nichel (tracce)","")),IF(AZ47=1,"FODMAP",IF(AZ47=2,"FODMAP (tracce)",""))) -> pesce, nichel | BB47: =ROUND(4*C47+4*D47+9*E47+2*N(F47),0) -> 190 | BC47: USDA FoodData Central – SR Legacy
A48: Alici / acciughe fresche | B48: 131 | C48: 0 | D48: 20.4 | E48: 4.8 | F48: 0 | G48: 0 | H48: 1.28 | I48: 1.18 | J48: 1.64 | K48: 60 | L48: 104 | M48: 383 | N48: 147 | O48: 174 | P48: 41 | Q48: 3.25 | R48: 1.72 | S48: 15 | T48: 0 | U48: 1.7 | V48: 0.57 | W48: 0.06 | X48: 0.26 | Y48: 14 | Z48: 0.14 | AA48: 9 | AB48: 0.62 | AC48: Pesce | AD48: alici_acciughe_fresche | AE48: proteine | AF48: crudo | AJ48: 0 | AK48: 0 | AL48: 0 | AM48: 0 | AN48: 1 | AO48: 0 | AP48: 0 | AQ48: 0 | AR48: 0 | AS48: 0 | AT48: 0 | AU48: 0 | AV48: 0 | AW48: 0 | AX48: 0 | AY48: 0 | AZ48: 0 | BA48: =_xlfn.TEXTJOIN(", ",TRUE(),IF(AJ48=1,"glutine",IF(AJ48=2,"glutine (tracce)","")),IF(AK48=1,"latte",IF(AK48=2,"latte (tracce)","")),IF(AL48=1,"lattosio",IF(AL48=2,"lattosio (tracce)","")),IF(AM48=1,"uova",IF(AM48=2,"uova (tracce)","")),IF(AN48=1,"pesce",IF(AN48=2,"pesce (tracce)","")),IF(AO48=1,"crostacei",IF(AO48=2,"crostacei (tracce)","")),IF(AP48=1,"molluschi",IF(AP48=2,"molluschi (tracce)","")),IF(AQ48=1,"frutta a guscio",IF(AQ48=2,"frutta a guscio (tracce)","")),IF(AR48=1,"arachidi",IF(AR48=2,"arachidi (tracce)","")),IF(AS48=1,"soia",IF(AS48=2,"soia (tracce)","")),IF(AT48=1,"sesamo",IF(AT48=2,"sesamo (tracce)","")),IF(AU48=1,"sedano",IF(AU48=2,"sedano (tracce)","")),IF(AV48=1,"senape",IF(AV48=2,"senape (tracce)","")),IF(AW48=1,"solfiti",IF(AW48=2,"solfiti (tracce)","")),IF(AX48=1,"lupini",IF(AX48=2,"lupini (tracce)","")),IF(AY48=1,"nichel",IF(AY48=2,"nichel (tracce)","")),IF(AZ48=1,"FODMAP",IF(AZ48=2,"FODMAP (tracce)",""))) -> pesce | BB48: =ROUND(4*C48+4*D48+9*E48+2*N(F48),0) -> 125 | BC48: USDA FoodData Central – SR Legacy
A49: Sgombro | B49: 205 | C49: 0 | D49: 18.6 | E49: 13.9 | F49: 0 | G49: 0 | H49: 3.26 | I49: 5.46 | J49: 3.35 | K49: 70 | L49: 90 | M49: 314 | N49: 12 | O49: 217 | P49: 76 | Q49: 1.63 | R49: 0.63 | S49: 50 | T49: 0.4 | U49: 16.1 | V49: 1.52 | W49: 0.18 | X49: 0.31 | Y49: 9.08 | Z49: 0.4 | AA49: 1 | AB49: 8.71 | AC49: Pesce | AD49: sgombro | AE49: proteine | AF49: crudo | AJ49: 0 | AK49: 0 | AL49: 0 | AM49: 0 | AN49: 1 | AO49: 0 | AP49: 0 | AQ49: 0 | AR49: 0 | AS49: 0 | AT49: 0 | AU49: 0 | AV49: 0 | AW49: 0 | AX49: 0 | AY49: 0 | AZ49: 0 | BA49: =_xlfn.TEXTJOIN(", ",TRUE(),IF(AJ49=1,"glutine",IF(AJ49=2,"glutine (tracce)","")),IF(AK49=1,"latte",IF(AK49=2,"latte (tracce)","")),IF(AL49=1,"lattosio",IF(AL49=2,"lattosio (tracce)","")),IF(AM49=1,"uova",IF(AM49=2,"uova (tracce)","")),IF(AN49=1,"pesce",IF(AN49=2,"pesce (tracce)","")),IF(AO49=1,"crostacei",IF(AO49=2,"crostacei (tracce)","")),IF(AP49=1,"molluschi",IF(AP49=2,"molluschi (tracce)","")),IF(AQ49=1,"frutta a guscio",IF(AQ49=2,"frutta a guscio (tracce)","")),IF(AR49=1,"arachidi",IF(AR49=2,"arachidi (tracce)","")),IF(AS49=1,"soia",IF(AS49=2,"soia (tracce)","")),IF(AT49=1,"sesamo",IF(AT49=2,"sesamo (tracce)","")),IF(AU49=1,"sedano",IF(AU49=2,"sedano (tracce)","")),IF(AV49=1,"senape",IF(AV49=2,"senape (tracce)","")),IF(AW49=1,"solfiti",IF(AW49=2,"solfiti (tracce)","")),IF(AX49=1,"lupini",IF(AX49=2,"lupini (tracce)","")),IF(AY49=1,"nichel",IF(AY49=2,"nichel (tracce)","")),IF(AZ49=1,"FODMAP",IF(AZ49=2,"FODMAP (tracce)",""))) -> pesce | BB49: =ROUND(4*C49+4*D49+9*E49+2*N(F49),0) -> 200 | BC49: USDA FoodData Central – SR Legacy
A50: Pesce spada | B50: 121 | C50: 0 | D50: 19.8 | E50: 4 | F50: 0 | G50: 0 | H50: 1.1 | I50: 1.5 | J50: 0.9 | K50: 39 | L50: 90 | M50: 288 | N50: 4 | O50: 263 | P50: 27 | Q50: 0.81 | R50: 1.15 | S50: 36 | T50: 1 | U50: 13.9 | V50: 0.5 | W50: 0.04 | X50: 0.1 | Y50: 9.7 | Z50: 0.33 | AA50: 2 | AB50: 1 | AC50: Pesce | AD50: pesce_spada | AE50: proteine | AF50: crudo | AJ50: 0 | AK50: 0 | AL50: 0 | AM50: 0 | AN50: 1 | AO50: 0 | AP50: 0 | AQ50: 0 | AR50: 0 | AS50: 0 | AT50: 0 | AU50: 0 | AV50: 0 | AW50: 0 | AX50: 0 | AY50: 0 | AZ50: 0 | BA50: =_xlfn.TEXTJOIN(", ",TRUE(),IF(AJ50=1,"glutine",IF(AJ50=2,"glutine (tracce)","")),IF(AK50=1,"latte",IF(AK50=2,"latte (tracce)","")),IF(AL50=1,"lattosio",IF(AL50=2,"lattosio (tracce)","")),IF(AM50=1,"uova",IF(AM50=2,"uova (tracce)","")),IF(AN50=1,"pesce",IF(AN50=2,"pesce (tracce)","")),IF(AO50=1,"crostacei",IF(AO50=2,"crostacei (tracce)","")),IF(AP50=1,"molluschi",IF(AP50=2,"molluschi (tracce)","")),IF(AQ50=1,"frutta a guscio",IF(AQ50=2,"frutta a guscio (tracce)","")),IF(AR50=1,"arachidi",IF(AR50=2,"arachidi (tracce)","")),IF(AS50=1,"soia",IF(AS50=2,"soia (tracce)","")),IF(AT50=1,"sesamo",IF(AT50=2,"sesamo (tracce)","")),IF(AU50=1,"sedano",IF(AU50=2,"sedano (tracce)","")),IF(AV50=1,"senape",IF(AV50=2,"senape (tracce)","")),IF(AW50=1,"solfiti",IF(AW50=2,"solfiti (tracce)","")),IF(AX50=1,"lupini",IF(AX50=2,"lupini (tracce)","")),IF(AY50=1,"nichel",IF(AY50=2,"nichel (tracce)","")),IF(AZ50=1,"FODMAP",IF(AZ50=2,"FODMAP (tracce)",""))) -> pesce | BB50: =ROUND(4*C50+4*D50+9*E50+2*N(F50),0) -> 115 | BC50: USDA FoodData Central – SR Legacy
A51: Trota (allevamento) | B51: 141 | C51: 0 | D51: 20.8 | E51: 6.2 | F51: 0 | G51: 0 | H51: 1.8 | I51: 1.8 | J51: 2 | K51: 59 | L51: 35 | M51: 377 | N51: 25 | O51: 250 | P51: 30 | Q51: 0.3 | R51: 0.5 | S51: 60 | T51: 3 | U51: 3.9 | V51: 2 | W51: 0.15 | X51: 0.08 | Y51: 5.6 | Z51: 0.4 | AA51: 13 | AB51: 3.5 | AC51: Pesce | AD51: trota_allevamento | AE51: proteine | AF51: crudo | AJ51: 0 | AK51: 0 | AL51: 0 | AM51: 0 | AN51: 1 | AO51: 0 | AP51: 0 | AQ51: 0 | AR51: 0 | AS51: 0 | AT51: 0 | AU51: 0 | AV51: 0 | AW51: 0 | AX51: 0 | AY51: 0 | AZ51: 0 | BA51: =_xlfn.TEXTJOIN(", ",TRUE(),IF(AJ51=1,"glutine",IF(AJ51=2,"glutine (tracce)","")),IF(AK51=1,"latte",IF(AK51=2,"latte (tracce)","")),IF(AL51=1,"lattosio",IF(AL51=2,"lattosio (tracce)","")),IF(AM51=1,"uova",IF(AM51=2,"uova (tracce)","")),IF(AN51=1,"pesce",IF(AN51=2,"pesce (tracce)","")),IF(AO51=1,"crostacei",IF(AO51=2,"crostacei (tracce)","")),IF(AP51=1,"molluschi",IF(AP51=2,"molluschi (tracce)","")),IF(AQ51=1,"frutta a guscio",IF(AQ51=2,"frutta a guscio (tracce)","")),IF(AR51=1,"arachidi",IF(AR51=2,"arachidi (tracce)","")),IF(AS51=1,"soia",IF(AS51=2,"soia (tracce)","")),IF(AT51=1,"sesamo",IF(AT51=2,"sesamo (tracce)","")),IF(AU51=1,"sedano",IF(AU51=2,"sedano (tracce)","")),IF(AV51=1,"senape",IF(AV51=2,"senape (tracce)","")),IF(AW51=1,"solfiti",IF(AW51=2,"solfiti (tracce)","")),IF(AX51=1,"lupini",IF(AX51=2,"lupini (tracce)","")),IF(AY51=1,"nichel",IF(AY51=2,"nichel (tracce)","")),IF(AZ51=1,"FODMAP",IF(AZ51=2,"FODMAP (tracce)",""))) -> pesce | BB51: =ROUND(4*C51+4*D51+9*E51+2*N(F51),0) -> 139 | BC51: USDA FoodData Central – SR Legacy
A52: Baccalà ammollato | B52: 95 | C52: 0 | D52: 21.6 | E52: 0.9 | F52: 0 | G52: 0 | H52: 0.2 | I52: 0.1 | J52: 0.3 | K52: 50 | L52: 400 | M52: 300 | N52: 30 | O52: 200 | P52: 30 | Q52: 0.5 | R52: 0.5 | S52: 10 | T52: 0 | U52: 0.5 | V52: 0.5 | W52: 0.05 | X52: 0.1 | Y52: 2 | Z52: 0.2 | AA52: 7 | AB52: 1 | AC52: Pesce | AD52: baccala_ammollato | AE52: proteine | AF52: ammollato | AJ52: 0 | AK52: 0 | AL52: 0 | AM52: 0 | AN52: 1 | AO52: 0 | AP52: 0 | AQ52: 0 | AR52: 0 | AS52: 0 | AT52: 0 | AU52: 0 | AV52: 0 | AW52: 0 | AX52: 0 | AY52: 0 | AZ52: 0 | BA52: =_xlfn.TEXTJOIN(", ",TRUE(),IF(AJ52=1,"glutine",IF(AJ52=2,"glutine (tracce)","")),IF(AK52=1,"latte",IF(AK52=2,"latte (tracce)","")),IF(AL52=1,"lattosio",IF(AL52=2,"lattosio (tracce)","")),IF(AM52=1,"uova",IF(AM52=2,"uova (tracce)","")),IF(AN52=1,"pesce",IF(AN52=2,"pesce (tracce)","")),IF(AO52=1,"crostacei",IF(AO52=2,"crostacei (tracce)","")),IF(AP52=1,"molluschi",IF(AP52=2,"molluschi (tracce)","")),IF(AQ52=1,"frutta a guscio",IF(AQ52=2,"frutta a guscio (tracce)","")),IF(AR52=1,"arachidi",IF(AR52=2,"arachidi (tracce)","")),IF(AS52=1,"soia",IF(AS52=2,"soia (tracce)","")),IF(AT52=1,"sesamo",IF(AT52=2,"sesamo (tracce)","")),IF(AU52=1,"sedano",IF(AU52=2,"sedano (tracce)","")),IF(AV52=1,"senape",IF(AV52=2,"senape (tracce)","")),IF(AW52=1,"solfiti",IF(AW52=2,"solfiti (tracce)","")),IF(AX52=1,"lupini",IF(AX52=2,"lupini (tracce)","")),IF(AY52=1,"nichel",IF(AY52=2,"nichel (tracce)","")),IF(AZ52=1,"FODMAP",IF(AZ52=2,"FODMAP (tracce)",""))) -> pesce | BB52: =ROUND(4*C52+4*D52+9*E52+2*N(F52),0) -> 95 | BC52: CREA – Tabelle di composizione degli alimenti | BD52: Sodio molto variabile secondo l'ammollo
A53: Gamberi / gamberetti | B53: 85 | C53: 0 | D53: 20.1 | E53: 0.5 | F53: 0 | G53: 0 | H53: 0.1 | I53: 0.08 | J53: 0.15 | K53: 161 | L53: 119 | M53: 264 | N53: 64 | O53: 214 | P53: 22 | Q53: 0.21 | R53: 1.34 | S53: 0 | T53: 0 | U53: 0 | V53: 1.32 | W53: 0.02 | X53: 0.02 | Y53: 2.6 | Z53: 0.16 | AA53: 19 | AB53: 1.11 | AC53: Crostacei e molluschi | AD53: gamberi_gamberetti | AE53: proteine | AF53: crudo | AJ53: 0 | AK53: 0 | AL53: 0 | AM53: 0 | AN53: 0 | AO53: 1 | AP53: 0 | AQ53: 0 | AR53: 0 | AS53: 0 | AT53: 0 | AU53: 0 | AV53: 0 | AW53: 2 | AX53: 0 | AY53: 1 | AZ53: 0 | BA53: =_xlfn.TEXTJOIN(", ",TRUE(),IF(AJ53=1,"glutine",IF(AJ53=2,"glutine (tracce)","")),IF(AK53=1,"latte",IF(AK53=2,"latte (tracce)","")),IF(AL53=1,"lattosio",IF(AL53=2,"lattosio (tracce)","")),IF(AM53=1,"uova",IF(AM53=2,"uova (tracce)","")),IF(AN53=1,"pesce",IF(AN53=2,"pesce (tracce)","")),IF(AO53=1,"crostacei",IF(AO53=2,"crostacei (tracce)","")),IF(AP53=1,"molluschi",IF(AP53=2,"molluschi (tracce)","")),IF(AQ53=1,"frutta a guscio",IF(AQ53=2,"frutta a guscio (tracce)","")),IF(AR53=1,"arachidi",IF(AR53=2,"arachidi (tracce)","")),IF(AS53=1,"soia",IF(AS53=2,"soia (tracce)","")),IF(AT53=1,"sesamo",IF(AT53=2,"sesamo (tracce)","")),IF(AU53=1,"sedano",IF(AU53=2,"sedano (tracce)","")),IF(AV53=1,"senape",IF(AV53=2,"senape (tracce)","")),IF(AW53=1,"solfiti",IF(AW53=2,"solfiti (tracce)","")),IF(AX53=1,"lupini",IF(AX53=2,"lupini (tracce)","")),IF(AY53=1,"nichel",IF(AY53=2,"nichel (tracce)","")),IF(AZ53=1,"FODMAP",IF(AZ53=2,"FODMAP (tracce)",""))) -> crostacei, solfiti (tracce), nichel | BB53: =ROUND(4*C53+4*D53+9*E53+2*N(F53),0) -> 85 | BC53: USDA FoodData Central – SR Legacy
A54: Calamari | B54: 92 | C54: 3.1 | D54: 15.6 | E54: 1.4 | F54: 0 | G54: 0 | H54: 0.36 | I54: 0.11 | J54: 0.52 | K54: 233 | L54: 44 | M54: 246 | N54: 32 | O54: 221 | P54: 33 | Q54: 0.68 | R54: 1.53 | S54: 10 | T54: 4.7 | U54: 0 | V54: 1.2 | W54: 0.02 | X54: 0.41 | Y54: 2.18 | Z54: 0.06 | AA54: 5 | AB54: 1.3 | AC54: Crostacei e molluschi | AD54: calamari | AE54: proteine | AF54: crudo | AJ54: 0 | AK54: 0 | AL54: 0 | AM54: 0 | AN54: 0 | AO54: 0 | AP54: 1 | AQ54: 0 | AR54: 0 | AS54: 0 | AT54: 0 | AU54: 0 | AV54: 0 | AW54: 0 | AX54: 0 | AY54: 1 | AZ54: 0 | BA54: =_xlfn.TEXTJOIN(", ",TRUE(),IF(AJ54=1,"glutine",IF(AJ54=2,"glutine (tracce)","")),IF(AK54=1,"latte",IF(AK54=2,"latte (tracce)","")),IF(AL54=1,"lattosio",IF(AL54=2,"lattosio (tracce)","")),IF(AM54=1,"uova",IF(AM54=2,"uova (tracce)","")),IF(AN54=1,"pesce",IF(AN54=2,"pesce (tracce)","")),IF(AO54=1,"crostacei",IF(AO54=2,"crostacei (tracce)","")),IF(AP54=1,"molluschi",IF(AP54=2,"molluschi (tracce)","")),IF(AQ54=1,"frutta a guscio",IF(AQ54=2,"frutta a guscio (tracce)","")),IF(AR54=1,"arachidi",IF(AR54=2,"arachidi (tracce)","")),IF(AS54=1,"soia",IF(AS54=2,"soia (tracce)","")),IF(AT54=1,"sesamo",IF(AT54=2,"sesamo (tracce)","")),IF(AU54=1,"sedano",IF(AU54=2,"sedano (tracce)","")),IF(AV54=1,"senape",IF(AV54=2,"senape (tracce)","")),IF(AW54=1,"solfiti",IF(AW54=2,"solfiti (tracce)","")),IF(AX54=1,"lupini",IF(AX54=2,"lupini (tracce)","")),IF(AY54=1,"nichel",IF(AY54=2,"nichel (tracce)","")),IF(AZ54=1,"FODMAP",IF(AZ54=2,"FODMAP (tracce)",""))) -> molluschi, nichel | BB54: =ROUND(4*C54+4*D54+9*E54+2*N(F54),0) -> 87 | BC54: USDA FoodData Central – SR Legacy
A55: Polpo | B55: 82 | C55: 2.2 | D55: 14.9 | E55: 1 | F55: 0 | G55: 0 | H55: 0.23 | I55: 0.16 | J55: 0.24 | K55: 48 | L55: 230 | M55: 350 | N55: 53 | O55: 186 | P55: 30 | Q55: 5.3 | R55: 1.68 | S55: 45 | T55: 5 | U55: 0 | V55: 1.2 | W55: 0.03 | X55: 0.04 | Y55: 2.1 | Z55: 0.36 | AA55: 16 | AB55: 20 | AC55: Crostacei e molluschi | AD55: polpo | AE55: proteine | AF55: crudo | AJ55: 0 | AK55: 0 | AL55: 0 | AM55: 0 | AN55: 0 | AO55: 0 | AP55: 1 | AQ55: 0 | AR55: 0 | AS55: 0 | AT55: 0 | AU55: 0 | AV55: 0 | AW55: 0 | AX55: 0 | AY55: 1 | AZ55: 0 | BA55: =_xlfn.TEXTJOIN(", ",TRUE(),IF(AJ55=1,"glutine",IF(AJ55=2,"glutine (tracce)","")),IF(AK55=1,"latte",IF(AK55=2,"latte (tracce)","")),IF(AL55=1,"lattosio",IF(AL55=2,"lattosio (tracce)","")),IF(AM55=1,"uova",IF(AM55=2,"uova (tracce)","")),IF(AN55=1,"pesce",IF(AN55=2,"pesce (tracce)","")),IF(AO55=1,"crostacei",IF(AO55=2,"crostacei (tracce)","")),IF(AP55=1,"molluschi",IF(AP55=2,"molluschi (tracce)","")),IF(AQ55=1,"frutta a guscio",IF(AQ55=2,"frutta a guscio (tracce)","")),IF(AR55=1,"arachidi",IF(AR55=2,"arachidi (tracce)","")),IF(AS55=1,"soia",IF(AS55=2,"soia (tracce)","")),IF(AT55=1,"sesamo",IF(AT55=2,"sesamo (tracce)","")),IF(AU55=1,"sedano",IF(AU55=2,"sedano (tracce)","")),IF(AV55=1,"senape",IF(AV55=2,"senape (tracce)","")),IF(AW55=1,"solfiti",IF(AW55=2,"solfiti (tracce)","")),IF(AX55=1,"lupini",IF(AX55=2,"lupini (tracce)","")),IF(AY55=1,"nichel",IF(AY55=2,"nichel (tracce)","")),IF(AZ55=1,"FODMAP",IF(AZ55=2,"FODMAP (tracce)",""))) -> molluschi, nichel | BB55: =ROUND(4*C55+4*D55+9*E55+2*N(F55),0) -> 77 | BC55: USDA FoodData Central – SR Legacy
A56: Seppia | B56: 79 | C56: 0.8 | D56: 16.2 | E56: 0.7 | F56: 0 | G56: 0 | H56: 0.12 | I56: 0.08 | J56: 0.13 | K56: 112 | L56: 372 | M56: 354 | N56: 90 | O56: 387 | P56: 30 | Q56: 6 | R56: 1.73 | S56: 113 | T56: 5.3 | U56: 0 | V56: 1 | W56: 0.01 | X56: 0.91 | Y56: 1.2 | Z56: 0.15 | AA56: 16 | AB56: 3 | AC56: Crostacei e molluschi | AD56: seppia | AE56: proteine | AF56: crudo | AJ56: 0 | AK56: 0 | AL56: 0 | AM56: 0 | AN56: 0 | AO56: 0 | AP56: 1 | AQ56: 0 | AR56: 0 | AS56: 0 | AT56: 0 | AU56: 0 | AV56: 0 | AW56: 0 | AX56: 0 | AY56: 1 | AZ56: 0 | BA56: =_xlfn.TEXTJOIN(", ",TRUE(),IF(AJ56=1,"glutine",IF(AJ56=2,"glutine (tracce)","")),IF(AK56=1,"latte",IF(AK56=2,"latte (tracce)","")),IF(AL56=1,"lattosio",IF(AL56=2,"lattosio (tracce)","")),IF(AM56=1,"uova",IF(AM56=2,"uova (tracce)","")),IF(AN56=1,"pesce",IF(AN56=2,"pesce (tracce)","")),IF(AO56=1,"crostacei",IF(AO56=2,"crostacei (tracce)","")),IF(AP56=1,"molluschi",IF(AP56=2,"molluschi (tracce)","")),IF(AQ56=1,"frutta a guscio",IF(AQ56=2,"frutta a guscio (tracce)","")),IF(AR56=1,"arachidi",IF(AR56=2,"arachidi (tracce)","")),IF(AS56=1,"soia",IF(AS56=2,"soia (tracce)","")),IF(AT56=1,"sesamo",IF(AT56=2,"sesamo (tracce)","")),IF(AU56=1,"sedano",IF(AU56=2,"sedano (tracce)","")),IF(AV56=1,"senape",IF(AV56=2,"senape (tracce)","")),IF(AW56=1,"solfiti",IF(AW56=2,"solfiti (tracce)","")),IF(AX56=1,"lupini",IF(AX56=2,"lupini (tracce)","")),IF(AY56=1,"nichel",IF(AY56=2,"nichel (tracce)","")),IF(AZ56=1,"FODMAP",IF(AZ56=2,"FODMAP (tracce)",""))) -> molluschi, nichel | BB56: =ROUND(4*C56+4*D56+9*E56+2*N(F56),0) -> 74 | BC56: USDA FoodData Central – SR Legacy
A57: Cozze (sgusciate) | B57: 86 | C57: 3.7 | D57: 11.9 | E57: 2.2 | F57: 0 | G57: 0 | H57: 0.43 | I57: 0.5 | J57: 0.6 | K57: 28 | L57: 286 | M57: 320 | N57: 26 | O57: 197 | P57: 34 | Q57: 3.95 | R57: 1.6 | S57: 48 | T57: 8 | U57: 0 | V57: 0.55 | W57: 0.16 | X57: 0.21 | Y57: 1.6 | Z57: 0.05 | AA57: 42 | AB57: 12 | AC57: Crostacei e molluschi | AD57: cozze_sgusciate | AE57: proteine | AF57: crudo | AJ57: 0 | AK57: 0 | AL57: 0 | AM57: 0 | AN57: 0 | AO57: 0 | AP57: 1 | AQ57: 0 | AR57: 0 | AS57: 0 | AT57: 0 | AU57: 0 | AV57: 0 | AW57: 0 | AX57: 0 | AY57: 1 | AZ57: 0 | BA57: =_xlfn.TEXTJOIN(", ",TRUE(),IF(AJ57=1,"glutine",IF(AJ57=2,"glutine (tracce)","")),IF(AK57=1,"latte",IF(AK57=2,"latte (tracce)","")),IF(AL57=1,"lattosio",IF(AL57=2,"lattosio (tracce)","")),IF(AM57=1,"uova",IF(AM57=2,"uova (tracce)","")),IF(AN57=1,"pesce",IF(AN57=2,"pesce (tracce)","")),IF(AO57=1,"crostacei",IF(AO57=2,"crostacei (tracce)","")),IF(AP57=1,"molluschi",IF(AP57=2,"molluschi (tracce)","")),IF(AQ57=1,"frutta a guscio",IF(AQ57=2,"frutta a guscio (tracce)","")),IF(AR57=1,"arachidi",IF(AR57=2,"arachidi (tracce)","")),IF(AS57=1,"soia",IF(AS57=2,"soia (tracce)","")),IF(AT57=1,"sesamo",IF(AT57=2,"sesamo (tracce)","")),IF(AU57=1,"sedano",IF(AU57=2,"sedano (tracce)","")),IF(AV57=1,"senape",IF(AV57=2,"senape (tracce)","")),IF(AW57=1,"solfiti",IF(AW57=2,"solfiti (tracce)","")),IF(AX57=1,"lupini",IF(AX57=2,"lupini (tracce)","")),IF(AY57=1,"nichel",IF(AY57=2,"nichel (tracce)","")),IF(AZ57=1,"FODMAP",IF(AZ57=2,"FODMAP (tracce)",""))) -> molluschi, nichel | BB57: =ROUND(4*C57+4*D57+9*E57+2*N(F57),0) -> 82 | BC57: USDA FoodData Central – SR Legacy
A58: Vongole (sgusciate) | B58: 74 | C58: 2.6 | D58: 12.8 | E58: 1 | F58: 0 | G58: 0 | H58: 0.1 | I58: 0.08 | J58: 0.28 | K58: 34 | L58: 56 | M58: 314 | N58: 46 | O58: 169 | P58: 9 | Q58: 13.98 | R58: 1.37 | S58: 90 | T58: 13 | U58: 0 | V58: 0.3 | W58: 0.08 | X58: 0.21 | Y58: 1.77 | Z58: 0.06 | AA58: 16 | AB58: 49.4 | AC58: Crostacei e molluschi | AD58: vongole_sgusciate | AE58: proteine | AF58: crudo | AJ58: 0 | AK58: 0 | AL58: 0 | AM58: 0 | AN58: 0 | AO58: 0 | AP58: 1 | AQ58: 0 | AR58: 0 | AS58: 0 | AT58: 0 | AU58: 0 | AV58: 0 | AW58: 0 | AX58: 0 | AY58: 1 | AZ58: 0 | BA58: =_xlfn.TEXTJOIN(", ",TRUE(),IF(AJ58=1,"glutine",IF(AJ58=2,"glutine (tracce)","")),IF(AK58=1,"latte",IF(AK58=2,"latte (tracce)","")),IF(AL58=1,"lattosio",IF(AL58=2,"lattosio (tracce)","")),IF(AM58=1,"uova",IF(AM58=2,"uova (tracce)","")),IF(AN58=1,"pesce",IF(AN58=2,"pesce (tracce)","")),IF(AO58=1,"crostacei",IF(AO58=2,"crostacei (tracce)","")),IF(AP58=1,"molluschi",IF(AP58=2,"molluschi (tracce)","")),IF(AQ58=1,"frutta a guscio",IF(AQ58=2,"frutta a guscio (tracce)","")),IF(AR58=1,"arachidi",IF(AR58=2,"arachidi (tracce)","")),IF(AS58=1,"soia",IF(AS58=2,"soia (tracce)","")),IF(AT58=1,"sesamo",IF(AT58=2,"sesamo (tracce)","")),IF(AU58=1,"sedano",IF(AU58=2,"sedano (tracce)","")),IF(AV58=1,"senape",IF(AV58=2,"senape (tracce)","")),IF(AW58=1,"solfiti",IF(AW58=2,"solfiti (tracce)","")),IF(AX58=1,"lupini",IF(AX58=2,"lupini (tracce)","")),IF(AY58=1,"nichel",IF(AY58=2,"nichel (tracce)","")),IF(AZ58=1,"FODMAP",IF(AZ58=2,"FODMAP (tracce)",""))) -> molluschi, nichel | BB58: =ROUND(4*C58+4*D58+9*E58+2*N(F58),0) -> 71 | BC58: USDA FoodData Central – SR Legacy
A59: Tofu compatto (naturale) | B59: 130 | C59: 1.2 | D59: 13.5 | E59: 7.8 | F59: 1 | G59: 0.6 | H59: 1.1 | I59: 1.7 | J59: 4.4 | K59: 0 | L59: 10 | M59: 150 | N59: 350 | O59: 150 | P59: 50 | Q59: 2 | R59: 1.2 | S59: 0 | T59: 0 | U59: 0 | V59: 0.01 | W59: 0.1 | X59: 0.08 | Y59: 0.2 | Z59: 0.05 | AA59: 20 | AB59: 0 | AC59: Proteine vegetali | AD59: tofu_compatto_naturale | AE59: proteine | AF59: crudo | AJ59: 0 | AK59: 0 | AL59: 0 | AM59: 0 | AN59: 0 | AO59: 0 | AP59: 0 | AQ59: 0 | AR59: 0 | AS59: 1 | AT59: 0 | AU59: 0 | AV59: 0 | AW59: 0 | AX59: 0 | AY59: 1 | AZ59: 0 | BA59: =_xlfn.TEXTJOIN(", ",TRUE(),IF(AJ59=1,"glutine",IF(AJ59=2,"glutine (tracce)","")),IF(AK59=1,"latte",IF(AK59=2,"latte (tracce)","")),IF(AL59=1,"lattosio",IF(AL59=2,"lattosio (tracce)","")),IF(AM59=1,"uova",IF(AM59=2,"uova (tracce)","")),IF(AN59=1,"pesce",IF(AN59=2,"pesce (tracce)","")),IF(AO59=1,"crostacei",IF(AO59=2,"crostacei (tracce)","")),IF(AP59=1,"molluschi",IF(AP59=2,"molluschi (tracce)","")),IF(AQ59=1,"frutta a guscio",IF(AQ59=2,"frutta a guscio (tracce)","")),IF(AR59=1,"arachidi",IF(AR59=2,"arachidi (tracce)","")),IF(AS59=1,"soia",IF(AS59=2,"soia (tracce)","")),IF(AT59=1,"sesamo",IF(AT59=2,"sesamo (tracce)","")),IF(AU59=1,"sedano",IF(AU59=2,"sedano (tracce)","")),IF(AV59=1,"senape",IF(AV59=2,"senape (tracce)","")),IF(AW59=1,"solfiti",IF(AW59=2,"solfiti (tracce)","")),IF(AX59=1,"lupini",IF(AX59=2,"lupini (tracce)","")),IF(AY59=1,"nichel",IF(AY59=2,"nichel (tracce)","")),IF(AZ59=1,"FODMAP",IF(AZ59=2,"FODMAP (tracce)",""))) -> soia, nichel | BB59: =ROUND(4*C59+4*D59+9*E59+2*N(F59),0) -> 131 | BC59: Macro: media etichette IT; micro: USDA FoodData Central – SR Legacy | BD59: Calcio molto variabile in base al coagulante
A60: Tempeh | B60: 192 | C60: 7.6 | D60: 20.3 | E60: 10.8 | F60: 1.8 | H60: 2.2 | I60: 3 | J60: 3.8 | K60: 0 | L60: 9 | M60: 412 | N60: 111 | O60: 266 | P60: 81 | Q60: 2.7 | R60: 1.14 | S60: 0 | T60: 0 | U60: 0 | W60: 0.08 | X60: 0.36 | Y60: 2.64 | Z60: 0.22 | AA60: 24 | AB60: 0.08 | AC60: Proteine vegetali | AD60: tempeh | AE60: proteine | AF60: crudo | AJ60: 0 | AK60: 0 | AL60: 0 | AM60: 0 | AN60: 0 | AO60: 0 | AP60: 0 | AQ60: 0 | AR60: 0 | AS60: 1 | AT60: 0 | AU60: 0 | AV60: 0 | AW60: 0 | AX60: 0 | AY60: 1 | AZ60: 0 | BA60: =_xlfn.TEXTJOIN(", ",TRUE(),IF(AJ60=1,"glutine",IF(AJ60=2,"glutine (tracce)","")),IF(AK60=1,"latte",IF(AK60=2,"latte (tracce)","")),IF(AL60=1,"lattosio",IF(AL60=2,"lattosio (tracce)","")),IF(AM60=1,"uova",IF(AM60=2,"uova (tracce)","")),IF(AN60=1,"pesce",IF(AN60=2,"pesce (tracce)","")),IF(AO60=1,"crostacei",IF(AO60=2,"crostacei (tracce)","")),IF(AP60=1,"molluschi",IF(AP60=2,"molluschi (tracce)","")),IF(AQ60=1,"frutta a guscio",IF(AQ60=2,"frutta a guscio (tracce)","")),IF(AR60=1,"arachidi",IF(AR60=2,"arachidi (tracce)","")),IF(AS60=1,"soia",IF(AS60=2,"soia (tracce)","")),IF(AT60=1,"sesamo",IF(AT60=2,"sesamo (tracce)","")),IF(AU60=1,"sedano",IF(AU60=2,"sedano (tracce)","")),IF(AV60=1,"senape",IF(AV60=2,"senape (tracce)","")),IF(AW60=1,"solfiti",IF(AW60=2,"solfiti (tracce)","")),IF(AX60=1,"lupini",IF(AX60=2,"lupini (tracce)","")),IF(AY60=1,"nichel",IF(AY60=2,"nichel (tracce)","")),IF(AZ60=1,"FODMAP",IF(AZ60=2,"FODMAP (tracce)",""))) -> soia, nichel | BB60: =ROUND(4*C60+4*D60+9*E60+2*N(F60),0) -> 212 | BC60: USDA FoodData Central – SR Legacy
A61: Seitan | B61: 120 | C61: 5 | D61: 22 | E61: 2 | F61: 0.6 | G61: 0.5 | H61: 0.3 | K61: 0 | L61: 500 | AC61: Proteine vegetali | AD61: seitan | AE61: proteine | AF61: pronto | AJ61: 1 | AK61: 0 | AL61: 0 | AM61: 0 | AN61: 0 | AO61: 0 | AP61: 0 | AQ61: 0 | AR61: 0 | AS61: 2 | AT61: 0 | AU61: 0 | AV61: 0 | AW61: 0 | AX61: 0 | AY61: 0 | AZ61: 0 | BA61: =_xlfn.TEXTJOIN(", ",TRUE(),IF(AJ61=1,"glutine",IF(AJ61=2,"glutine (tracce)","")),IF(AK61=1,"latte",IF(AK61=2,"latte (tracce)","")),IF(AL61=1,"lattosio",IF(AL61=2,"lattosio (tracce)","")),IF(AM61=1,"uova",IF(AM61=2,"uova (tracce)","")),IF(AN61=1,"pesce",IF(AN61=2,"pesce (tracce)","")),IF(AO61=1,"crostacei",IF(AO61=2,"crostacei (tracce)","")),IF(AP61=1,"molluschi",IF(AP61=2,"molluschi (tracce)","")),IF(AQ61=1,"frutta a guscio",IF(AQ61=2,"frutta a guscio (tracce)","")),IF(AR61=1,"arachidi",IF(AR61=2,"arachidi (tracce)","")),IF(AS61=1,"soia",IF(AS61=2,"soia (tracce)","")),IF(AT61=1,"sesamo",IF(AT61=2,"sesamo (tracce)","")),IF(AU61=1,"sedano",IF(AU61=2,"sedano (tracce)","")),IF(AV61=1,"senape",IF(AV61=2,"senape (tracce)","")),IF(AW61=1,"solfiti",IF(AW61=2,"solfiti (tracce)","")),IF(AX61=1,"lupini",IF(AX61=2,"lupini (tracce)","")),IF(AY61=1,"nichel",IF(AY61=2,"nichel (tracce)","")),IF(AZ61=1,"FODMAP",IF(AZ61=2,"FODMAP (tracce)",""))) -> glutine, soia (tracce) | BB61: =ROUND(4*C61+4*D61+9*E61+2*N(F61),0) -> 127 | BC61: Media etichette prodotti commerciali (IT)
A62: Soia gialla secca | B62: 446 | C62: 20.9 | D62: 36.5 | E62: 19.9 | F62: 9.3 | G62: 7.3 | H62: 2.88 | I62: 4.4 | J62: 11.3 | K62: 0 | L62: 2 | M62: 1797 | N62: 277 | O62: 704 | P62: 280 | Q62: 15.7 | R62: 4.89 | S62: 1 | T62: 6 | U62: 0 | V62: 0.85 | W62: 0.87 | X62: 0.87 | Y62: 1.62 | Z62: 0.38 | AA62: 375 | AB62: 0 | AC62: Proteine vegetali | AD62: soia_gialla_secca | AE62: proteine | AF62: secco | AJ62: 0 | AK62: 0 | AL62: 0 | AM62: 0 | AN62: 0 | AO62: 0 | AP62: 0 | AQ62: 0 | AR62: 0 | AS62: 1 | AT62: 0 | AU62: 0 | AV62: 0 | AW62: 0 | AX62: 0 | AY62: 1 | AZ62: 1 | BA62: =_xlfn.TEXTJOIN(", ",TRUE(),IF(AJ62=1,"glutine",IF(AJ62=2,"glutine (tracce)","")),IF(AK62=1,"latte",IF(AK62=2,"latte (tracce)","")),IF(AL62=1,"lattosio",IF(AL62=2,"lattosio (tracce)","")),IF(AM62=1,"uova",IF(AM62=2,"uova (tracce)","")),IF(AN62=1,"pesce",IF(AN62=2,"pesce (tracce)","")),IF(AO62=1,"crostacei",IF(AO62=2,"crostacei (tracce)","")),IF(AP62=1,"molluschi",IF(AP62=2,"molluschi (tracce)","")),IF(AQ62=1,"frutta a guscio",IF(AQ62=2,"frutta a guscio (tracce)","")),IF(AR62=1,"arachidi",IF(AR62=2,"arachidi (tracce)","")),IF(AS62=1,"soia",IF(AS62=2,"soia (tracce)","")),IF(AT62=1,"sesamo",IF(AT62=2,"sesamo (tracce)","")),IF(AU62=1,"sedano",IF(AU62=2,"sedano (tracce)","")),IF(AV62=1,"senape",IF(AV62=2,"senape (tracce)","")),IF(AW62=1,"solfiti",IF(AW62=2,"solfiti (tracce)","")),IF(AX62=1,"lupini",IF(AX62=2,"lupini (tracce)","")),IF(AY62=1,"nichel",IF(AY62=2,"nichel (tracce)","")),IF(AZ62=1,"FODMAP",IF(AZ62=2,"FODMAP (tracce)",""))) -> soia, nichel, FODMAP | BB62: =ROUND(4*C62+4*D62+9*E62+2*N(F62),0) -> 427 | BC62: USDA FoodData Central – SR Legacy
A63: Edamame (surgelati) | B63: 121 | C63: 3.7 | D63: 11.9 | E63: 5.2 | F63: 5.2 | G63: 2.2 | H63: 0.62 | I63: 1.9 | J63: 2.1 | K63: 0 | L63: 6 | M63: 436 | N63: 63 | O63: 169 | P63: 64 | Q63: 2.27 | R63: 1.37 | S63: 8 | T63: 6.1 | U63: 0 | V63: 0.68 | W63: 0.2 | X63: 0.16 | Y63: 0.92 | Z63: 0.1 | AA63: 311 | AB63: 0 | AC63: Proteine vegetali | AD63: edamame_surgelati | AE63: proteine | AF63: crudo | AJ63: 0 | AK63: 0 | AL63: 0 | AM63: 0 | AN63: 0 | AO63: 0 | AP63: 0 | AQ63: 0 | AR63: 0 | AS63: 1 | AT63: 0 | AU63: 0 | AV63: 0 | AW63: 0 | AX63: 0 | AY63: 1 | AZ63: 0 | BA63: =_xlfn.TEXTJOIN(", ",TRUE(),IF(AJ63=1,"glutine",IF(AJ63=2,"glutine (tracce)","")),IF(AK63=1,"latte",IF(AK63=2,"latte (tracce)","")),IF(AL63=1,"lattosio",IF(AL63=2,"lattosio (tracce)","")),IF(AM63=1,"uova",IF(AM63=2,"uova (tracce)","")),IF(AN63=1,"pesce",IF(AN63=2,"pesce (tracce)","")),IF(AO63=1,"crostacei",IF(AO63=2,"crostacei (tracce)","")),IF(AP63=1,"molluschi",IF(AP63=2,"molluschi (tracce)","")),IF(AQ63=1,"frutta a guscio",IF(AQ63=2,"frutta a guscio (tracce)","")),IF(AR63=1,"arachidi",IF(AR63=2,"arachidi (tracce)","")),IF(AS63=1,"soia",IF(AS63=2,"soia (tracce)","")),IF(AT63=1,"sesamo",IF(AT63=2,"sesamo (tracce)","")),IF(AU63=1,"sedano",IF(AU63=2,"sedano (tracce)","")),IF(AV63=1,"senape",IF(AV63=2,"senape (tracce)","")),IF(AW63=1,"solfiti",IF(AW63=2,"solfiti (tracce)","")),IF(AX63=1,"lupini",IF(AX63=2,"lupini (tracce)","")),IF(AY63=1,"nichel",IF(AY63=2,"nichel (tracce)","")),IF(AZ63=1,"FODMAP",IF(AZ63=2,"FODMAP (tracce)",""))) -> soia, nichel | BB63: =ROUND(4*C63+4*D63+9*E63+2*N(F63),0) -> 120 | BC63: USDA FoodData Central – SR Legacy
A64: Lupini in salamoia (sgocciolati) | B64: 119 | C64: 7.1 | D64: 15.6 | E64: 2.9 | F64: 2.8 | H64: 0.35 | I64: 1.2 | J64: 0.7 | K64: 0 | L64: 600 | M64: 245 | N64: 51 | O64: 128 | P64: 54 | Q64: 1.2 | R64: 1.38 | S64: 0 | T64: 1.1 | U64: 0 | W64: 0.13 | X64: 0.05 | Y64: 0.5 | Z64: 0.01 | AA64: 59 | AB64: 0 | AC64: Proteine vegetali | AD64: lupini_in_salamoia_sgocciolati | AE64: proteine | AF64: sgocciolato | AJ64: 0 | AK64: 0 | AL64: 0 | AM64: 0 | AN64: 0 | AO64: 0 | AP64: 0 | AQ64: 0 | AR64: 0 | AS64: 0 | AT64: 0 | AU64: 0 | AV64: 0 | AW64: 0 | AX64: 1 | AY64: 0 | AZ64: 0 | BA64: =_xlfn.TEXTJOIN(", ",TRUE(),IF(AJ64=1,"glutine",IF(AJ64=2,"glutine (tracce)","")),IF(AK64=1,"latte",IF(AK64=2,"latte (tracce)","")),IF(AL64=1,"lattosio",IF(AL64=2,"lattosio (tracce)","")),IF(AM64=1,"uova",IF(AM64=2,"uova (tracce)","")),IF(AN64=1,"pesce",IF(AN64=2,"pesce (tracce)","")),IF(AO64=1,"crostacei",IF(AO64=2,"crostacei (tracce)","")),IF(AP64=1,"molluschi",IF(AP64=2,"molluschi (tracce)","")),IF(AQ64=1,"frutta a guscio",IF(AQ64=2,"frutta a guscio (tracce)","")),IF(AR64=1,"arachidi",IF(AR64=2,"arachidi (tracce)","")),IF(AS64=1,"soia",IF(AS64=2,"soia (tracce)","")),IF(AT64=1,"sesamo",IF(AT64=2,"sesamo (tracce)","")),IF(AU64=1,"sedano",IF(AU64=2,"sedano (tracce)","")),IF(AV64=1,"senape",IF(AV64=2,"senape (tracce)","")),IF(AW64=1,"solfiti",IF(AW64=2,"solfiti (tracce)","")),IF(AX64=1,"lupini",IF(AX64=2,"lupini (tracce)","")),IF(AY64=1,"nichel",IF(AY64=2,"nichel (tracce)","")),IF(AZ64=1,"FODMAP",IF(AZ64=2,"FODMAP (tracce)",""))) -> lupini | BB64: =ROUND(4*C64+4*D64+9*E64+2*N(F64),0) -> 122 | BC64: USDA FoodData Central – SR Legacy | BD64: Sodio dipendente dalla salamoia
A65: Ceci secchi | B65: 364 | C65: 43.3 | D65: 19.3 | E65: 6 | F65: 17.4 | G65: 10.7 | H65: 0.63 | I65: 1.35 | J65: 2.73 | K65: 0 | L65: 24 | M65: 875 | N65: 105 | O65: 366 | P65: 115 | Q65: 6.24 | R65: 3.43 | S65: 3 | T65: 4 | U65: 0 | V65: 0.82 | W65: 0.48 | X65: 0.21 | Y65: 1.54 | Z65: 0.54 | AA65: 557 | AB65: 0 | AC65: Legumi | AD65: ceci_secchi | AE65: carboidrati | AF65: secco | AJ65: 0 | AK65: 0 | AL65: 0 | AM65: 0 | AN65: 0 | AO65: 0 | AP65: 0 | AQ65: 0 | AR65: 0 | AS65: 0 | AT65: 0 | AU65: 0 | AV65: 0 | AW65: 0 | AX65: 0 | AY65: 1 | AZ65: 1 | BA65: =_xlfn.TEXTJOIN(", ",TRUE(),IF(AJ65=1,"glutine",IF(AJ65=2,"glutine (tracce)","")),IF(AK65=1,"latte",IF(AK65=2,"latte (tracce)","")),IF(AL65=1,"lattosio",IF(AL65=2,"lattosio (tracce)","")),IF(AM65=1,"uova",IF(AM65=2,"uova (tracce)","")),IF(AN65=1,"pesce",IF(AN65=2,"pesce (tracce)","")),IF(AO65=1,"crostacei",IF(AO65=2,"crostacei (tracce)","")),IF(AP65=1,"molluschi",IF(AP65=2,"molluschi (tracce)","")),IF(AQ65=1,"frutta a guscio",IF(AQ65=2,"frutta a guscio (tracce)","")),IF(AR65=1,"arachidi",IF(AR65=2,"arachidi (tracce)","")),IF(AS65=1,"soia",IF(AS65=2,"soia (tracce)","")),IF(AT65=1,"sesamo",IF(AT65=2,"sesamo (tracce)","")),IF(AU65=1,"sedano",IF(AU65=2,"sedano (tracce)","")),IF(AV65=1,"senape",IF(AV65=2,"senape (tracce)","")),IF(AW65=1,"solfiti",IF(AW65=2,"solfiti (tracce)","")),IF(AX65=1,"lupini",IF(AX65=2,"lupini (tracce)","")),IF(AY65=1,"nichel",IF(AY65=2,"nichel (tracce)","")),IF(AZ65=1,"FODMAP",IF(AZ65=2,"FODMAP (tracce)",""))) -> nichel, FODMAP | BB65: =ROUND(4*C65+4*D65+9*E65+2*N(F65),0) -> 339 | BC65: USDA FoodData Central – SR Legacy
A66: Fagioli borlotti secchi | B66: 335 | C66: 35.4 | D66: 23 | E66: 1.2 | F66: 24.7 | G66: 2.2 | H66: 0.31 | I66: 0.1 | J66: 0.5 | K66: 0 | L66: 6 | M66: 1332 | N66: 127 | O66: 372 | P66: 156 | Q66: 5 | R66: 3.63 | S66: 0 | T66: 0 | U66: 0 | V66: 0.21 | W66: 0.37 | X66: 0.21 | Y66: 1.46 | Z66: 0.31 | AA66: 604 | AB66: 0 | AC66: Legumi | AD66: fagioli_borlotti_secchi | AE66: carboidrati | AF66: secco | AJ66: 0 | AK66: 0 | AL66: 0 | AM66: 0 | AN66: 0 | AO66: 0 | AP66: 0 | AQ66: 0 | AR66: 0 | AS66: 0 | AT66: 0 | AU66: 0 | AV66: 0 | AW66: 0 | AX66: 0 | AY66: 1 | AZ66: 1 | BA66: =_xlfn.TEXTJOIN(", ",TRUE(),IF(AJ66=1,"glutine",IF(AJ66=2,"glutine (tracce)","")),IF(AK66=1,"latte",IF(AK66=2,"latte (tracce)","")),IF(AL66=1,"lattosio",IF(AL66=2,"lattosio (tracce)","")),IF(AM66=1,"uova",IF(AM66=2,"uova (tracce)","")),IF(AN66=1,"pesce",IF(AN66=2,"pesce (tracce)","")),IF(AO66=1,"crostacei",IF(AO66=2,"crostacei (tracce)","")),IF(AP66=1,"molluschi",IF(AP66=2,"molluschi (tracce)","")),IF(AQ66=1,"frutta a guscio",IF(AQ66=2,"frutta a guscio (tracce)","")),IF(AR66=1,"arachidi",IF(AR66=2,"arachidi (tracce)","")),IF(AS66=1,"soia",IF(AS66=2,"soia (tracce)","")),IF(AT66=1,"sesamo",IF(AT66=2,"sesamo (tracce)","")),IF(AU66=1,"sedano",IF(AU66=2,"sedano (tracce)","")),IF(AV66=1,"senape",IF(AV66=2,"senape (tracce)","")),IF(AW66=1,"solfiti",IF(AW66=2,"solfiti (tracce)","")),IF(AX66=1,"lupini",IF(AX66=2,"lupini (tracce)","")),IF(AY66=1,"nichel",IF(AY66=2,"nichel (tracce)","")),IF(AZ66=1,"FODMAP",IF(AZ66=2,"FODMAP (tracce)",""))) -> nichel, FODMAP | BB66: =ROUND(4*C66+4*D66+9*E66+2*N(F66),0) -> 294 | BC66: USDA FoodData Central – SR Legacy
A67: Fagioli cannellini secchi | B67: 333 | C67: 45.1 | D67: 23.4 | E67: 0.9 | F67: 15.2 | G67: 2.1 | H67: 0.22 | I67: 0.07 | J67: 0.37 | K67: 0 | L67: 16 | M67: 1795 | N67: 240 | O67: 301 | P67: 190 | Q67: 10.4 | R67: 3.67 | S67: 0 | T67: 0 | U67: 0 | V67: 0.21 | W67: 0.44 | X67: 0.15 | Y67: 0.48 | Z67: 0.32 | AA67: 388 | AB67: 0 | AC67: Legumi | AD67: fagioli_cannellini_secchi | AE67: carboidrati | AF67: secco | AJ67: 0 | AK67: 0 | AL67: 0 | AM67: 0 | AN67: 0 | AO67: 0 | AP67: 0 | AQ67: 0 | AR67: 0 | AS67: 0 | AT67: 0 | AU67: 0 | AV67: 0 | AW67: 0 | AX67: 0 | AY67: 1 | AZ67: 1 | BA67: =_xlfn.TEXTJOIN(", ",TRUE(),IF(AJ67=1,"glutine",IF(AJ67=2,"glutine (tracce)","")),IF(AK67=1,"latte",IF(AK67=2,"latte (tracce)","")),IF(AL67=1,"lattosio",IF(AL67=2,"lattosio (tracce)","")),IF(AM67=1,"uova",IF(AM67=2,"uova (tracce)","")),IF(AN67=1,"pesce",IF(AN67=2,"pesce (tracce)","")),IF(AO67=1,"crostacei",IF(AO67=2,"crostacei (tracce)","")),IF(AP67=1,"molluschi",IF(AP67=2,"molluschi (tracce)","")),IF(AQ67=1,"frutta a guscio",IF(AQ67=2,"frutta a guscio (tracce)","")),IF(AR67=1,"arachidi",IF(AR67=2,"arachidi (tracce)","")),IF(AS67=1,"soia",IF(AS67=2,"soia (tracce)","")),IF(AT67=1,"sesamo",IF(AT67=2,"sesamo (tracce)","")),IF(AU67=1,"sedano",IF(AU67=2,"sedano (tracce)","")),IF(AV67=1,"senape",IF(AV67=2,"senape (tracce)","")),IF(AW67=1,"solfiti",IF(AW67=2,"solfiti (tracce)","")),IF(AX67=1,"lupini",IF(AX67=2,"lupini (tracce)","")),IF(AY67=1,"nichel",IF(AY67=2,"nichel (tracce)","")),IF(AZ67=1,"FODMAP",IF(AZ67=2,"FODMAP (tracce)",""))) -> nichel, FODMAP | BB67: =ROUND(4*C67+4*D67+9*E67+2*N(F67),0) -> 313 | BC67: USDA FoodData Central – SR Legacy
A68: Lenticchie secche | B68: 352 | C68: 52.7 | D68: 24.6 | E68: 1.1 | F68: 10.7 | G68: 2 | H68: 0.15 | I68: 0.19 | J68: 0.53 | K68: 0 | L68: 6 | M68: 677 | N68: 35 | O68: 281 | P68: 47 | Q68: 6.51 | R68: 3.27 | S68: 2 | T68: 4.5 | U68: 0 | V68: 0.49 | W68: 0.87 | X68: 0.21 | Y68: 2.6 | Z68: 0.54 | AA68: 479 | AB68: 0 | AC68: Legumi | AD68: lenticchie_secche | AE68: carboidrati | AF68: secco | AJ68: 0 | AK68: 0 | AL68: 0 | AM68: 0 | AN68: 0 | AO68: 0 | AP68: 0 | AQ68: 0 | AR68: 0 | AS68: 0 | AT68: 0 | AU68: 0 | AV68: 0 | AW68: 0 | AX68: 0 | AY68: 1 | AZ68: 1 | BA68: =_xlfn.TEXTJOIN(", ",TRUE(),IF(AJ68=1,"glutine",IF(AJ68=2,"glutine (tracce)","")),IF(AK68=1,"latte",IF(AK68=2,"latte (tracce)","")),IF(AL68=1,"lattosio",IF(AL68=2,"lattosio (tracce)","")),IF(AM68=1,"uova",IF(AM68=2,"uova (tracce)","")),IF(AN68=1,"pesce",IF(AN68=2,"pesce (tracce)","")),IF(AO68=1,"crostacei",IF(AO68=2,"crostacei (tracce)","")),IF(AP68=1,"molluschi",IF(AP68=2,"molluschi (tracce)","")),IF(AQ68=1,"frutta a guscio",IF(AQ68=2,"frutta a guscio (tracce)","")),IF(AR68=1,"arachidi",IF(AR68=2,"arachidi (tracce)","")),IF(AS68=1,"soia",IF(AS68=2,"soia (tracce)","")),IF(AT68=1,"sesamo",IF(AT68=2,"sesamo (tracce)","")),IF(AU68=1,"sedano",IF(AU68=2,"sedano (tracce)","")),IF(AV68=1,"senape",IF(AV68=2,"senape (tracce)","")),IF(AW68=1,"solfiti",IF(AW68=2,"solfiti (tracce)","")),IF(AX68=1,"lupini",IF(AX68=2,"lupini (tracce)","")),IF(AY68=1,"nichel",IF(AY68=2,"nichel (tracce)","")),IF(AZ68=1,"FODMAP",IF(AZ68=2,"FODMAP (tracce)",""))) -> nichel, FODMAP | BB68: =ROUND(4*C68+4*D68+9*E68+2*N(F68),0) -> 341 | BC68: USDA FoodData Central – SR Legacy
A69: Lenticchie rosse decorticate | B69: 358 | C69: 52.4 | D69: 23.9 | E69: 2.2 | F69: 10.8 | G69: 1.5 | H69: 0.38 | I69: 0.38 | J69: 0.94 | K69: 0 | L69: 7 | M69: 578 | N69: 48 | O69: 294 | P69: 59 | Q69: 7.39 | R69: 3.6 | S69: 3 | T69: 1.7 | U69: 0 | V69: 0.49 | W69: 0.51 | X69: 0.11 | Y69: 1.49 | Z69: 0.4 | AA69: 204 | AB69: 0 | AC69: Legumi | AD69: lenticchie_rosse_decorticate | AE69: carboidrati | AF69: secco | AJ69: 0 | AK69: 0 | AL69: 0 | AM69: 0 | AN69: 0 | AO69: 0 | AP69: 0 | AQ69: 0 | AR69: 0 | AS69: 0 | AT69: 0 | AU69: 0 | AV69: 0 | AW69: 0 | AX69: 0 | AY69: 1 | AZ69: 1 | BA69: =_xlfn.TEXTJOIN(", ",TRUE(),IF(AJ69=1,"glutine",IF(AJ69=2,"glutine (tracce)","")),IF(AK69=1,"latte",IF(AK69=2,"latte (tracce)","")),IF(AL69=1,"lattosio",IF(AL69=2,"lattosio (tracce)","")),IF(AM69=1,"uova",IF(AM69=2,"uova (tracce)","")),IF(AN69=1,"pesce",IF(AN69=2,"pesce (tracce)","")),IF(AO69=1,"crostacei",IF(AO69=2,"crostacei (tracce)","")),IF(AP69=1,"molluschi",IF(AP69=2,"molluschi (tracce)","")),IF(AQ69=1,"frutta a guscio",IF(AQ69=2,"frutta a guscio (tracce)","")),IF(AR69=1,"arachidi",IF(AR69=2,"arachidi (tracce)","")),IF(AS69=1,"soia",IF(AS69=2,"soia (tracce)","")),IF(AT69=1,"sesamo",IF(AT69=2,"sesamo (tracce)","")),IF(AU69=1,"sedano",IF(AU69=2,"sedano (tracce)","")),IF(AV69=1,"senape",IF(AV69=2,"senape (tracce)","")),IF(AW69=1,"solfiti",IF(AW69=2,"solfiti (tracce)","")),IF(AX69=1,"lupini",IF(AX69=2,"lupini (tracce)","")),IF(AY69=1,"nichel",IF(AY69=2,"nichel (tracce)","")),IF(AZ69=1,"FODMAP",IF(AZ69=2,"FODMAP (tracce)",""))) -> nichel, FODMAP | BB69: =ROUND(4*C69+4*D69+9*E69+2*N(F69),0) -> 347 | BC69: USDA FoodData Central – SR Legacy | BD69: Più digeribili; meglio tollerate con colon irritabile
A70: Ceci in barattolo (sgocciolati) | B70: 120 | C70: 15.5 | D70: 7 | E70: 2.4 | F70: 5.6 | G70: 0.5 | H70: 0.25 | I70: 0.5 | J70: 1 | K70: 0 | L70: 250 | M70: 120 | N70: 40 | O70: 100 | P70: 25 | Q70: 1.3 | R70: 0.9 | S70: 1 | T70: 0 | U70: 0 | V70: 0.3 | W70: 0.03 | X70: 0.02 | Y70: 0.1 | Z70: 0.1 | AA70: 50 | AB70: 0 | AC70: Legumi | AD70: ceci_in_barattolo_sgocciolati | AE70: carboidrati | AF70: sgocciolato | AJ70: 0 | AK70: 0 | AL70: 0 | AM70: 0 | AN70: 0 | AO70: 0 | AP70: 0 | AQ70: 0 | AR70: 0 | AS70: 0 | AT70: 0 | AU70: 0 | AV70: 0 | AW70: 0 | AX70: 0 | AY70: 1 | AZ70: 1 | BA70: =_xlfn.TEXTJOIN(", ",TRUE(),IF(AJ70=1,"glutine",IF(AJ70=2,"glutine (tracce)","")),IF(AK70=1,"latte",IF(AK70=2,"latte (tracce)","")),IF(AL70=1,"lattosio",IF(AL70=2,"lattosio (tracce)","")),IF(AM70=1,"uova",IF(AM70=2,"uova (tracce)","")),IF(AN70=1,"pesce",IF(AN70=2,"pesce (tracce)","")),IF(AO70=1,"crostacei",IF(AO70=2,"crostacei (tracce)","")),IF(AP70=1,"molluschi",IF(AP70=2,"molluschi (tracce)","")),IF(AQ70=1,"frutta a guscio",IF(AQ70=2,"frutta a guscio (tracce)","")),IF(AR70=1,"arachidi",IF(AR70=2,"arachidi (tracce)","")),IF(AS70=1,"soia",IF(AS70=2,"soia (tracce)","")),IF(AT70=1,"sesamo",IF(AT70=2,"sesamo (tracce)","")),IF(AU70=1,"sedano",IF(AU70=2,"sedano (tracce)","")),IF(AV70=1,"senape",IF(AV70=2,"senape (tracce)","")),IF(AW70=1,"solfiti",IF(AW70=2,"solfiti (tracce)","")),IF(AX70=1,"lupini",IF(AX70=2,"lupini (tracce)","")),IF(AY70=1,"nichel",IF(AY70=2,"nichel (tracce)","")),IF(AZ70=1,"FODMAP",IF(AZ70=2,"FODMAP (tracce)",""))) -> nichel, FODMAP | BB70: =ROUND(4*C70+4*D70+9*E70+2*N(F70),0) -> 123 | BC70: Media etichette prodotti commerciali (IT) | BD70: Sciacquare riduce sodio e FODMAP
A71: Fagioli in barattolo (sgocciolati) | B71: 95 | C71: 13 | D71: 6.5 | E71: 0.5 | F71: 6 | G71: 0.5 | H71: 0.1 | I71: 0.05 | J71: 0.2 | K71: 0 | L71: 250 | M71: 300 | N71: 50 | O71: 110 | P71: 40 | Q71: 1.8 | R71: 0.8 | S71: 0 | T71: 0 | U71: 0 | V71: 0.1 | W71: 0.1 | X71: 0.05 | Y71: 0.3 | Z71: 0.1 | AA71: 60 | AB71: 0 | AC71: Legumi | AD71: fagioli_in_barattolo_sgocciolati | AE71: carboidrati | AF71: sgocciolato | AJ71: 0 | AK71: 0 | AL71: 0 | AM71: 0 | AN71: 0 | AO71: 0 | AP71: 0 | AQ71: 0 | AR71: 0 | AS71: 0 | AT71: 0 | AU71: 0 | AV71: 0 | AW71: 0 | AX71: 0 | AY71: 1 | AZ71: 1 | BA71: =_xlfn.TEXTJOIN(", ",TRUE(),IF(AJ71=1,"glutine",IF(AJ71=2,"glutine (tracce)","")),IF(AK71=1,"latte",IF(AK71=2,"latte (tracce)","")),IF(AL71=1,"lattosio",IF(AL71=2,"lattosio (tracce)","")),IF(AM71=1,"uova",IF(AM71=2,"uova (tracce)","")),IF(AN71=1,"pesce",IF(AN71=2,"pesce (tracce)","")),IF(AO71=1,"crostacei",IF(AO71=2,"crostacei (tracce)","")),IF(AP71=1,"molluschi",IF(AP71=2,"molluschi (tracce)","")),IF(AQ71=1,"frutta a guscio",IF(AQ71=2,"frutta a guscio (tracce)","")),IF(AR71=1,"arachidi",IF(AR71=2,"arachidi (tracce)","")),IF(AS71=1,"soia",IF(AS71=2,"soia (tracce)","")),IF(AT71=1,"sesamo",IF(AT71=2,"sesamo (tracce)","")),IF(AU71=1,"sedano",IF(AU71=2,"sedano (tracce)","")),IF(AV71=1,"senape",IF(AV71=2,"senape (tracce)","")),IF(AW71=1,"solfiti",IF(AW71=2,"solfiti (tracce)","")),IF(AX71=1,"lupini",IF(AX71=2,"lupini (tracce)","")),IF(AY71=1,"nichel",IF(AY71=2,"nichel (tracce)","")),IF(AZ71=1,"FODMAP",IF(AZ71=2,"FODMAP (tracce)",""))) -> nichel, FODMAP | BB71: =ROUND(4*C71+4*D71+9*E71+2*N(F71),0) -> 95 | BC71: Media etichette prodotti commerciali (IT)
A72: Piselli surgelati | B72: 77 | C72: 9.1 | D72: 5.2 | E72: 0.4 | F72: 4.5 | G72: 4.6 | H72: 0.07 | I72: 0.04 | J72: 0.19 | K72: 0 | L72: 108 | M72: 153 | N72: 22 | O72: 77 | P72: 22 | Q72: 1.52 | R72: 0.74 | S72: 104 | T72: 18 | U72: 0 | V72: 0.2 | W72: 0.26 | X72: 0.1 | Y72: 2 | Z72: 0.11 | AA72: 53 | AB72: 0 | AC72: Legumi | AD72: piselli_surgelati | AE72: carboidrati | AF72: crudo | AJ72: 0 | AK72: 0 | AL72: 0 | AM72: 0 | AN72: 0 | AO72: 0 | AP72: 0 | AQ72: 0 | AR72: 0 | AS72: 0 | AT72: 0 | AU72: 0 | AV72: 0 | AW72: 0 | AX72: 0 | AY72: 1 | AZ72: 1 | BA72: =_xlfn.TEXTJOIN(", ",TRUE(),IF(AJ72=1,"glutine",IF(AJ72=2,"glutine (tracce)","")),IF(AK72=1,"latte",IF(AK72=2,"latte (tracce)","")),IF(AL72=1,"lattosio",IF(AL72=2,"lattosio (tracce)","")),IF(AM72=1,"uova",IF(AM72=2,"uova (tracce)","")),IF(AN72=1,"pesce",IF(AN72=2,"pesce (tracce)","")),IF(AO72=1,"crostacei",IF(AO72=2,"crostacei (tracce)","")),IF(AP72=1,"molluschi",IF(AP72=2,"molluschi (tracce)","")),IF(AQ72=1,"frutta a guscio",IF(AQ72=2,"frutta a guscio (tracce)","")),IF(AR72=1,"arachidi",IF(AR72=2,"arachidi (tracce)","")),IF(AS72=1,"soia",IF(AS72=2,"soia (tracce)","")),IF(AT72=1,"sesamo",IF(AT72=2,"sesamo (tracce)","")),IF(AU72=1,"sedano",IF(AU72=2,"sedano (tracce)","")),IF(AV72=1,"senape",IF(AV72=2,"senape (tracce)","")),IF(AW72=1,"solfiti",IF(AW72=2,"solfiti (tracce)","")),IF(AX72=1,"lupini",IF(AX72=2,"lupini (tracce)","")),IF(AY72=1,"nichel",IF(AY72=2,"nichel (tracce)","")),IF(AZ72=1,"FODMAP",IF(AZ72=2,"FODMAP (tracce)",""))) -> nichel, FODMAP | BB72: =ROUND(4*C72+4*D72+9*E72+2*N(F72),0) -> 70 | BC72: USDA FoodData Central – SR Legacy
A73: Pasta di semola | B73: 357 | C73: 71.2 | D73: 12.8 | E73: 1.5 | F73: 3 | G73: 3 | H73: 0.28 | I73: 0.17 | J73: 0.56 | K73: 0 | L73: 6 | M73: 223 | N73: 21 | O73: 189 | P73: 53 | Q73: 1.3 | R73: 1.41 | S73: 0 | T73: 0 | U73: 0 | V73: 0.11 | W73: 0.09 | X73: 0.06 | Y73: 1.7 | Z73: 0.14 | AA73: 18 | AB73: 0 | AC73: Cereali e farinacei | AD73: pasta_di_semola | AE73: carboidrati | AF73: secco | AJ73: 1 | AK73: 0 | AL73: 0 | AM73: 0 | AN73: 0 | AO73: 0 | AP73: 0 | AQ73: 0 | AR73: 0 | AS73: 0 | AT73: 0 | AU73: 0 | AV73: 0 | AW73: 0 | AX73: 0 | AY73: 0 | AZ73: 1 | BA73: =_xlfn.TEXTJOIN(", ",TRUE(),IF(AJ73=1,"glutine",IF(AJ73=2,"glutine (tracce)","")),IF(AK73=1,"latte",IF(AK73=2,"latte (tracce)","")),IF(AL73=1,"lattosio",IF(AL73=2,"lattosio (tracce)","")),IF(AM73=1,"uova",IF(AM73=2,"uova (tracce)","")),IF(AN73=1,"pesce",IF(AN73=2,"pesce (tracce)","")),IF(AO73=1,"crostacei",IF(AO73=2,"crostacei (tracce)","")),IF(AP73=1,"molluschi",IF(AP73=2,"molluschi (tracce)","")),IF(AQ73=1,"frutta a guscio",IF(AQ73=2,"frutta a guscio (tracce)","")),IF(AR73=1,"arachidi",IF(AR73=2,"arachidi (tracce)","")),IF(AS73=1,"soia",IF(AS73=2,"soia (tracce)","")),IF(AT73=1,"sesamo",IF(AT73=2,"sesamo (tracce)","")),IF(AU73=1,"sedano",IF(AU73=2,"sedano (tracce)","")),IF(AV73=1,"senape",IF(AV73=2,"senape (tracce)","")),IF(AW73=1,"solfiti",IF(AW73=2,"solfiti (tracce)","")),IF(AX73=1,"lupini",IF(AX73=2,"lupini (tracce)","")),IF(AY73=1,"nichel",IF(AY73=2,"nichel (tracce)","")),IF(AZ73=1,"FODMAP",IF(AZ73=2,"FODMAP (tracce)",""))) -> glutine, FODMAP | BB73: =ROUND(4*C73+4*D73+9*E73+2*N(F73),0) -> 356 | BC73: Macro: media etichette IT; micro: USDA FoodData Central – SR Legacy
A74: Pasta integrale | B74: 350 | C74: 64 | D74: 13.5 | E74: 2.5 | F74: 8 | G74: 3 | H74: 0.4 | I74: 0.3 | J74: 0.9 | K74: 0 | L74: 8 | M74: 215 | N74: 40 | O74: 258 | P74: 143 | Q74: 3.6 | R74: 2.37 | S74: 0 | T74: 0 | U74: 0 | V74: 0.6 | W74: 0.4 | X74: 0.1 | Y74: 4.5 | Z74: 0.2 | AA74: 44 | AB74: 0 | AC74: Cereali e farinacei | AD74: pasta_integrale | AE74: carboidrati | AF74: secco | AJ74: 1 | AK74: 0 | AL74: 0 | AM74: 0 | AN74: 0 | AO74: 0 | AP74: 0 | AQ74: 0 | AR74: 0 | AS74: 0 | AT74: 0 | AU74: 0 | AV74: 0 | AW74: 0 | AX74: 0 | AY74: 1 | AZ74: 1 | BA74: =_xlfn.TEXTJOIN(", ",TRUE(),IF(AJ74=1,"glutine",IF(AJ74=2,"glutine (tracce)","")),IF(AK74=1,"latte",IF(AK74=2,"latte (tracce)","")),IF(AL74=1,"lattosio",IF(AL74=2,"lattosio (tracce)","")),IF(AM74=1,"uova",IF(AM74=2,"uova (tracce)","")),IF(AN74=1,"pesce",IF(AN74=2,"pesce (tracce)","")),IF(AO74=1,"crostacei",IF(AO74=2,"crostacei (tracce)","")),IF(AP74=1,"molluschi",IF(AP74=2,"molluschi (tracce)","")),IF(AQ74=1,"frutta a guscio",IF(AQ74=2,"frutta a guscio (tracce)","")),IF(AR74=1,"arachidi",IF(AR74=2,"arachidi (tracce)","")),IF(AS74=1,"soia",IF(AS74=2,"soia (tracce)","")),IF(AT74=1,"sesamo",IF(AT74=2,"sesamo (tracce)","")),IF(AU74=1,"sedano",IF(AU74=2,"sedano (tracce)","")),IF(AV74=1,"senape",IF(AV74=2,"senape (tracce)","")),IF(AW74=1,"solfiti",IF(AW74=2,"solfiti (tracce)","")),IF(AX74=1,"lupini",IF(AX74=2,"lupini (tracce)","")),IF(AY74=1,"nichel",IF(AY74=2,"nichel (tracce)","")),IF(AZ74=1,"FODMAP",IF(AZ74=2,"FODMAP (tracce)",""))) -> glutine, nichel, FODMAP | BB74: =ROUND(4*C74+4*D74+9*E74+2*N(F74),0) -> 349 | BC74: Macro: media etichette IT; micro: USDA FoodData Central – SR Legacy
A75: Riso bianco | B75: 365 | C75: 78.9 | D75: 7.1 | E75: 0.7 | F75: 1.3 | G75: 0.12 | H75: 0.18 | I75: 0.21 | J75: 0.18 | K75: 0 | L75: 5 | M75: 115 | N75: 28 | O75: 115 | P75: 25 | Q75: 0.8 | R75: 1.09 | S75: 0 | T75: 0 | U75: 0 | V75: 0.11 | W75: 0.07 | X75: 0.05 | Y75: 1.6 | Z75: 0.16 | AA75: 8 | AB75: 0 | AC75: Cereali e farinacei | AD75: riso_bianco | AE75: carboidrati | AF75: secco | AJ75: 0 | AK75: 0 | AL75: 0 | AM75: 0 | AN75: 0 | AO75: 0 | AP75: 0 | AQ75: 0 | AR75: 0 | AS75: 0 | AT75: 0 | AU75: 0 | AV75: 0 | AW75: 0 | AX75: 0 | AY75: 0 | AZ75: 0 | BA75: =_xlfn.TEXTJOIN(", ",TRUE(),IF(AJ75=1,"glutine",IF(AJ75=2,"glutine (tracce)","")),IF(AK75=1,"latte",IF(AK75=2,"latte (tracce)","")),IF(AL75=1,"lattosio",IF(AL75=2,"lattosio (tracce)","")),IF(AM75=1,"uova",IF(AM75=2,"uova (tracce)","")),IF(AN75=1,"pesce",IF(AN75=2,"pesce (tracce)","")),IF(AO75=1,"crostacei",IF(AO75=2,"crostacei (tracce)","")),IF(AP75=1,"molluschi",IF(AP75=2,"molluschi (tracce)","")),IF(AQ75=1,"frutta a guscio",IF(AQ75=2,"frutta a guscio (tracce)","")),IF(AR75=1,"arachidi",IF(AR75=2,"arachidi (tracce)","")),IF(AS75=1,"soia",IF(AS75=2,"soia (tracce)","")),IF(AT75=1,"sesamo",IF(AT75=2,"sesamo (tracce)","")),IF(AU75=1,"sedano",IF(AU75=2,"sedano (tracce)","")),IF(AV75=1,"senape",IF(AV75=2,"senape (tracce)","")),IF(AW75=1,"solfiti",IF(AW75=2,"solfiti (tracce)","")),IF(AX75=1,"lupini",IF(AX75=2,"lupini (tracce)","")),IF(AY75=1,"nichel",IF(AY75=2,"nichel (tracce)","")),IF(AZ75=1,"FODMAP",IF(AZ75=2,"FODMAP (tracce)",""))) | BB75: =ROUND(4*C75+4*D75+9*E75+2*N(F75),0) -> 353 | BC75: USDA FoodData Central – SR Legacy
A76: Riso basmati | B76: 356 | C76: 78 | D76: 8 | E76: 0.6 | F76: 1 | G76: 0.1 | H76: 0.15 | I76: 0.2 | J76: 0.2 | K76: 0 | L76: 2 | M76: 115 | N76: 20 | O76: 110 | P76: 25 | Q76: 0.8 | R76: 1.1 | S76: 0 | T76: 0 | U76: 0 | V76: 0.1 | W76: 0.07 | X76: 0.05 | Y76: 1.6 | Z76: 0.16 | AA76: 8 | AB76: 0 | AC76: Cereali e farinacei | AD76: riso_basmati | AE76: carboidrati | AF76: secco | AJ76: 0 | AK76: 0 | AL76: 0 | AM76: 0 | AN76: 0 | AO76: 0 | AP76: 0 | AQ76: 0 | AR76: 0 | AS76: 0 | AT76: 0 | AU76: 0 | AV76: 0 | AW76: 0 | AX76: 0 | AY76: 0 | AZ76: 0 | BA76: =_xlfn.TEXTJOIN(", ",TRUE(),IF(AJ76=1,"glutine",IF(AJ76=2,"glutine (tracce)","")),IF(AK76=1,"latte",IF(AK76=2,"latte (tracce)","")),IF(AL76=1,"lattosio",IF(AL76=2,"lattosio (tracce)","")),IF(AM76=1,"uova",IF(AM76=2,"uova (tracce)","")),IF(AN76=1,"pesce",IF(AN76=2,"pesce (tracce)","")),IF(AO76=1,"crostacei",IF(AO76=2,"crostacei (tracce)","")),IF(AP76=1,"molluschi",IF(AP76=2,"molluschi (tracce)","")),IF(AQ76=1,"frutta a guscio",IF(AQ76=2,"frutta a guscio (tracce)","")),IF(AR76=1,"arachidi",IF(AR76=2,"arachidi (tracce)","")),IF(AS76=1,"soia",IF(AS76=2,"soia (tracce)","")),IF(AT76=1,"sesamo",IF(AT76=2,"sesamo (tracce)","")),IF(AU76=1,"sedano",IF(AU76=2,"sedano (tracce)","")),IF(AV76=1,"senape",IF(AV76=2,"senape (tracce)","")),IF(AW76=1,"solfiti",IF(AW76=2,"solfiti (tracce)","")),IF(AX76=1,"lupini",IF(AX76=2,"lupini (tracce)","")),IF(AY76=1,"nichel",IF(AY76=2,"nichel (tracce)","")),IF(AZ76=1,"FODMAP",IF(AZ76=2,"FODMAP (tracce)",""))) | BB76: =ROUND(4*C76+4*D76+9*E76+2*N(F76),0) -> 351 | BC76: Macro: media etichette IT; micro: USDA FoodData Central – SR Legacy
A77: Riso integrale | B77: 367 | C77: 72.8 | D77: 7.5 | E77: 3.2 | F77: 3.5 | G77: 0.85 | H77: 0.64 | I77: 1.17 | J77: 1.15 | K77: 0 | L77: 7 | M77: 250 | N77: 9 | O77: 264 | P77: 116 | Q77: 1.29 | R77: 2.13 | S77: 0 | T77: 0 | U77: 0 | V77: 1.2 | W77: 0.41 | X77: 0.04 | Y77: 4.31 | Z77: 0.48 | AA77: 20 | AB77: 0 | AC77: Cereali e farinacei | AD77: riso_integrale | AE77: carboidrati | AF77: secco | AJ77: 0 | AK77: 0 | AL77: 0 | AM77: 0 | AN77: 0 | AO77: 0 | AP77: 0 | AQ77: 0 | AR77: 0 | AS77: 0 | AT77: 0 | AU77: 0 | AV77: 0 | AW77: 0 | AX77: 0 | AY77: 1 | AZ77: 0 | BA77: =_xlfn.TEXTJOIN(", ",TRUE(),IF(AJ77=1,"glutine",IF(AJ77=2,"glutine (tracce)","")),IF(AK77=1,"latte",IF(AK77=2,"latte (tracce)","")),IF(AL77=1,"lattosio",IF(AL77=2,"lattosio (tracce)","")),IF(AM77=1,"uova",IF(AM77=2,"uova (tracce)","")),IF(AN77=1,"pesce",IF(AN77=2,"pesce (tracce)","")),IF(AO77=1,"crostacei",IF(AO77=2,"crostacei (tracce)","")),IF(AP77=1,"molluschi",IF(AP77=2,"molluschi (tracce)","")),IF(AQ77=1,"frutta a guscio",IF(AQ77=2,"frutta a guscio (tracce)","")),IF(AR77=1,"arachidi",IF(AR77=2,"arachidi (tracce)","")),IF(AS77=1,"soia",IF(AS77=2,"soia (tracce)","")),IF(AT77=1,"sesamo",IF(AT77=2,"sesamo (tracce)","")),IF(AU77=1,"sedano",IF(AU77=2,"sedano (tracce)","")),IF(AV77=1,"senape",IF(AV77=2,"senape (tracce)","")),IF(AW77=1,"solfiti",IF(AW77=2,"solfiti (tracce)","")),IF(AX77=1,"lupini",IF(AX77=2,"lupini (tracce)","")),IF(AY77=1,"nichel",IF(AY77=2,"nichel (tracce)","")),IF(AZ77=1,"FODMAP",IF(AZ77=2,"FODMAP (tracce)",""))) -> nichel | BB77: =ROUND(4*C77+4*D77+9*E77+2*N(F77),0) -> 357 | BC77: USDA FoodData Central – SR Legacy
A78: Couscous | B78: 376 | C78: 72.4 | D78: 12.8 | E78: 0.6 | F78: 5 | H78: 0.12 | I78: 0.09 | J78: 0.25 | K78: 0 | L78: 10 | M78: 166 | N78: 24 | O78: 170 | P78: 44 | Q78: 1.08 | R78: 0.83 | S78: 0 | T78: 0 | U78: 0 | V78: 0.06 | W78: 0.16 | X78: 0.08 | Y78: 3.49 | Z78: 0.11 | AA78: 20 | AB78: 0 | AC78: Cereali e farinacei | AD78: couscous | AE78: carboidrati | AF78: secco | AJ78: 1 | AK78: 0 | AL78: 0 | AM78: 0 | AN78: 0 | AO78: 0 | AP78: 0 | AQ78: 0 | AR78: 0 | AS78: 0 | AT78: 0 | AU78: 0 | AV78: 0 | AW78: 0 | AX78: 0 | AY78: 0 | AZ78: 1 | BA78: =_xlfn.TEXTJOIN(", ",TRUE(),IF(AJ78=1,"glutine",IF(AJ78=2,"glutine (tracce)","")),IF(AK78=1,"latte",IF(AK78=2,"latte (tracce)","")),IF(AL78=1,"lattosio",IF(AL78=2,"lattosio (tracce)","")),IF(AM78=1,"uova",IF(AM78=2,"uova (tracce)","")),IF(AN78=1,"pesce",IF(AN78=2,"pesce (tracce)","")),IF(AO78=1,"crostacei",IF(AO78=2,"crostacei (tracce)","")),IF(AP78=1,"molluschi",IF(AP78=2,"molluschi (tracce)","")),IF(AQ78=1,"frutta a guscio",IF(AQ78=2,"frutta a guscio (tracce)","")),IF(AR78=1,"arachidi",IF(AR78=2,"arachidi (tracce)","")),IF(AS78=1,"soia",IF(AS78=2,"soia (tracce)","")),IF(AT78=1,"sesamo",IF(AT78=2,"sesamo (tracce)","")),IF(AU78=1,"sedano",IF(AU78=2,"sedano (tracce)","")),IF(AV78=1,"senape",IF(AV78=2,"senape (tracce)","")),IF(AW78=1,"solfiti",IF(AW78=2,"solfiti (tracce)","")),IF(AX78=1,"lupini",IF(AX78=2,"lupini (tracce)","")),IF(AY78=1,"nichel",IF(AY78=2,"nichel (tracce)","")),IF(AZ78=1,"FODMAP",IF(AZ78=2,"FODMAP (tracce)",""))) -> glutine, FODMAP | BB78: =ROUND(4*C78+4*D78+9*E78+2*N(F78),0) -> 356 | BC78: USDA FoodData Central – SR Legacy
A79: Quinoa | B79: 368 | C79: 57.2 | D79: 14.1 | E79: 6.1 | F79: 7 | H79: 0.71 | I79: 1.61 | J79: 3.29 | K79: 0 | L79: 5 | M79: 563 | N79: 47 | O79: 457 | P79: 197 | Q79: 4.57 | R79: 3.1 | S79: 1 | T79: 0 | U79: 0 | V79: 2.44 | W79: 0.36 | X79: 0.32 | Y79: 1.52 | Z79: 0.49 | AA79: 184 | AB79: 0 | AC79: Cereali e farinacei | AD79: quinoa | AE79: carboidrati | AF79: secco | AJ79: 0 | AK79: 0 | AL79: 0 | AM79: 0 | AN79: 0 | AO79: 0 | AP79: 0 | AQ79: 0 | AR79: 0 | AS79: 0 | AT79: 0 | AU79: 0 | AV79: 0 | AW79: 0 | AX79: 0 | AY79: 0 | AZ79: 0 | BA79: =_xlfn.TEXTJOIN(", ",TRUE(),IF(AJ79=1,"glutine",IF(AJ79=2,"glutine (tracce)","")),IF(AK79=1,"latte",IF(AK79=2,"latte (tracce)","")),IF(AL79=1,"lattosio",IF(AL79=2,"lattosio (tracce)","")),IF(AM79=1,"uova",IF(AM79=2,"uova (tracce)","")),IF(AN79=1,"pesce",IF(AN79=2,"pesce (tracce)","")),IF(AO79=1,"crostacei",IF(AO79=2,"crostacei (tracce)","")),IF(AP79=1,"molluschi",IF(AP79=2,"molluschi (tracce)","")),IF(AQ79=1,"frutta a guscio",IF(AQ79=2,"frutta a guscio (tracce)","")),IF(AR79=1,"arachidi",IF(AR79=2,"arachidi (tracce)","")),IF(AS79=1,"soia",IF(AS79=2,"soia (tracce)","")),IF(AT79=1,"sesamo",IF(AT79=2,"sesamo (tracce)","")),IF(AU79=1,"sedano",IF(AU79=2,"sedano (tracce)","")),IF(AV79=1,"senape",IF(AV79=2,"senape (tracce)","")),IF(AW79=1,"solfiti",IF(AW79=2,"solfiti (tracce)","")),IF(AX79=1,"lupini",IF(AX79=2,"lupini (tracce)","")),IF(AY79=1,"nichel",IF(AY79=2,"nichel (tracce)","")),IF(AZ79=1,"FODMAP",IF(AZ79=2,"FODMAP (tracce)",""))) | BB79: =ROUND(4*C79+4*D79+9*E79+2*N(F79),0) -> 354 | BC79: USDA FoodData Central – SR Legacy | BD79: Naturalmente senza glutine
A80: Farro | B80: 338 | C80: 59.5 | D80: 14.6 | E80: 2.4 | F80: 10.7 | G80: 6.8 | H80: 0.41 | I80: 0.45 | J80: 1.26 | K80: 0 | L80: 8 | M80: 388 | N80: 27 | O80: 401 | P80: 136 | Q80: 4.44 | R80: 3.28 | S80: 0 | T80: 0 | U80: 0 | V80: 0.79 | W80: 0.36 | X80: 0.11 | Y80: 6.84 | Z80: 0.23 | AA80: 45 | AB80: 0 | AC80: Cereali e farinacei | AD80: farro | AE80: carboidrati | AF80: secco | AJ80: 1 | AK80: 0 | AL80: 0 | AM80: 0 | AN80: 0 | AO80: 0 | AP80: 0 | AQ80: 0 | AR80: 0 | AS80: 0 | AT80: 0 | AU80: 0 | AV80: 0 | AW80: 0 | AX80: 0 | AY80: 1 | AZ80: 1 | BA80: =_xlfn.TEXTJOIN(", ",TRUE(),IF(AJ80=1,"glutine",IF(AJ80=2,"glutine (tracce)","")),IF(AK80=1,"latte",IF(AK80=2,"latte (tracce)","")),IF(AL80=1,"lattosio",IF(AL80=2,"lattosio (tracce)","")),IF(AM80=1,"uova",IF(AM80=2,"uova (tracce)","")),IF(AN80=1,"pesce",IF(AN80=2,"pesce (tracce)","")),IF(AO80=1,"crostacei",IF(AO80=2,"crostacei (tracce)","")),IF(AP80=1,"molluschi",IF(AP80=2,"molluschi (tracce)","")),IF(AQ80=1,"frutta a guscio",IF(AQ80=2,"frutta a guscio (tracce)","")),IF(AR80=1,"arachidi",IF(AR80=2,"arachidi (tracce)","")),IF(AS80=1,"soia",IF(AS80=2,"soia (tracce)","")),IF(AT80=1,"sesamo",IF(AT80=2,"sesamo (tracce)","")),IF(AU80=1,"sedano",IF(AU80=2,"sedano (tracce)","")),IF(AV80=1,"senape",IF(AV80=2,"senape (tracce)","")),IF(AW80=1,"solfiti",IF(AW80=2,"solfiti (tracce)","")),IF(AX80=1,"lupini",IF(AX80=2,"lupini (tracce)","")),IF(AY80=1,"nichel",IF(AY80=2,"nichel (tracce)","")),IF(AZ80=1,"FODMAP",IF(AZ80=2,"FODMAP (tracce)",""))) -> glutine, nichel, FODMAP | BB80: =ROUND(4*C80+4*D80+9*E80+2*N(F80),0) -> 339 | BC80: USDA FoodData Central – SR Legacy
A81: Orzo perlato | B81: 352 | C81: 62.3 | D81: 9.9 | E81: 1.2 | F81: 15.6 | G81: 0.8 | H81: 0.24 | I81: 0.15 | J81: 0.56 | K81: 0 | L81: 9 | M81: 280 | N81: 29 | O81: 221 | P81: 79 | Q81: 2.5 | R81: 2.13 | S81: 1 | T81: 0 | U81: 0 | V81: 0.02 | W81: 0.19 | X81: 0.11 | Y81: 4.6 | Z81: 0.26 | AA81: 23 | AB81: 0 | AC81: Cereali e farinacei | AD81: orzo_perlato | AE81: carboidrati | AF81: secco | AJ81: 1 | AK81: 0 | AL81: 0 | AM81: 0 | AN81: 0 | AO81: 0 | AP81: 0 | AQ81: 0 | AR81: 0 | AS81: 0 | AT81: 0 | AU81: 0 | AV81: 0 | AW81: 0 | AX81: 0 | AY81: 0 | AZ81: 1 | BA81: =_xlfn.TEXTJOIN(", ",TRUE(),IF(AJ81=1,"glutine",IF(AJ81=2,"glutine (tracce)","")),IF(AK81=1,"latte",IF(AK81=2,"latte (tracce)","")),IF(AL81=1,"lattosio",IF(AL81=2,"lattosio (tracce)","")),IF(AM81=1,"uova",IF(AM81=2,"uova (tracce)","")),IF(AN81=1,"pesce",IF(AN81=2,"pesce (tracce)","")),IF(AO81=1,"crostacei",IF(AO81=2,"crostacei (tracce)","")),IF(AP81=1,"molluschi",IF(AP81=2,"molluschi (tracce)","")),IF(AQ81=1,"frutta a guscio",IF(AQ81=2,"frutta a guscio (tracce)","")),IF(AR81=1,"arachidi",IF(AR81=2,"arachidi (tracce)","")),IF(AS81=1,"soia",IF(AS81=2,"soia (tracce)","")),IF(AT81=1,"sesamo",IF(AT81=2,"sesamo (tracce)","")),IF(AU81=1,"sedano",IF(AU81=2,"sedano (tracce)","")),IF(AV81=1,"senape",IF(AV81=2,"senape (tracce)","")),IF(AW81=1,"solfiti",IF(AW81=2,"solfiti (tracce)","")),IF(AX81=1,"lupini",IF(AX81=2,"lupini (tracce)","")),IF(AY81=1,"nichel",IF(AY81=2,"nichel (tracce)","")),IF(AZ81=1,"FODMAP",IF(AZ81=2,"FODMAP (tracce)",""))) -> glutine, FODMAP | BB81: =ROUND(4*C81+4*D81+9*E81+2*N(F81),0) -> 331 | BC81: USDA FoodData Central – SR Legacy
A82: Grano saraceno | B82: 343 | C82: 61.5 | D82: 13.3 | E82: 3.4 | F82: 10 | H82: 0.74 | I82: 1.04 | J82: 1.04 | K82: 0 | L82: 1 | M82: 460 | N82: 18 | O82: 347 | P82: 231 | Q82: 2.2 | R82: 2.4 | S82: 0 | T82: 0 | U82: 0 | W82: 0.1 | X82: 0.43 | Y82: 7.02 | Z82: 0.21 | AA82: 30 | AB82: 0 | AC82: Cereali e farinacei | AD82: grano_saraceno | AE82: carboidrati | AF82: secco | AJ82: 0 | AK82: 0 | AL82: 0 | AM82: 0 | AN82: 0 | AO82: 0 | AP82: 0 | AQ82: 0 | AR82: 0 | AS82: 0 | AT82: 0 | AU82: 0 | AV82: 0 | AW82: 0 | AX82: 0 | AY82: 1 | AZ82: 0 | BA82: =_xlfn.TEXTJOIN(", ",TRUE(),IF(AJ82=1,"glutine",IF(AJ82=2,"glutine (tracce)","")),IF(AK82=1,"latte",IF(AK82=2,"latte (tracce)","")),IF(AL82=1,"lattosio",IF(AL82=2,"lattosio (tracce)","")),IF(AM82=1,"uova",IF(AM82=2,"uova (tracce)","")),IF(AN82=1,"pesce",IF(AN82=2,"pesce (tracce)","")),IF(AO82=1,"crostacei",IF(AO82=2,"crostacei (tracce)","")),IF(AP82=1,"molluschi",IF(AP82=2,"molluschi (tracce)","")),IF(AQ82=1,"frutta a guscio",IF(AQ82=2,"frutta a guscio (tracce)","")),IF(AR82=1,"arachidi",IF(AR82=2,"arachidi (tracce)","")),IF(AS82=1,"soia",IF(AS82=2,"soia (tracce)","")),IF(AT82=1,"sesamo",IF(AT82=2,"sesamo (tracce)","")),IF(AU82=1,"sedano",IF(AU82=2,"sedano (tracce)","")),IF(AV82=1,"senape",IF(AV82=2,"senape (tracce)","")),IF(AW82=1,"solfiti",IF(AW82=2,"solfiti (tracce)","")),IF(AX82=1,"lupini",IF(AX82=2,"lupini (tracce)","")),IF(AY82=1,"nichel",IF(AY82=2,"nichel (tracce)","")),IF(AZ82=1,"FODMAP",IF(AZ82=2,"FODMAP (tracce)",""))) -> nichel | BB82: =ROUND(4*C82+4*D82+9*E82+2*N(F82),0) -> 350 | BC82: USDA FoodData Central – SR Legacy | BD82: Naturalmente senza glutine
A83: Fiocchi / farina d'avena | B83: 389 | C83: 55.7 | D83: 16.9 | E83: 6.9 | F83: 10.6 | G83: 1 | H83: 1.22 | I83: 2.18 | J83: 2.54 | K83: 0 | L83: 2 | M83: 429 | N83: 54 | O83: 523 | P83: 177 | Q83: 4.72 | R83: 3.97 | S83: 0 | T83: 0 | U83: 0 | V83: 0.42 | W83: 0.76 | X83: 0.14 | Y83: 0.96 | Z83: 0.12 | AA83: 56 | AB83: 0 | AC83: Cereali e farinacei | AD83: fiocchi_farina_d_avena | AE83: carboidrati | AF83: secco | AJ83: 2 | AK83: 0 | AL83: 0 | AM83: 0 | AN83: 0 | AO83: 0 | AP83: 0 | AQ83: 0 | AR83: 0 | AS83: 0 | AT83: 0 | AU83: 0 | AV83: 0 | AW83: 0 | AX83: 0 | AY83: 1 | AZ83: 0 | BA83: =_xlfn.TEXTJOIN(", ",TRUE(),IF(AJ83=1,"glutine",IF(AJ83=2,"glutine (tracce)","")),IF(AK83=1,"latte",IF(AK83=2,"latte (tracce)","")),IF(AL83=1,"lattosio",IF(AL83=2,"lattosio (tracce)","")),IF(AM83=1,"uova",IF(AM83=2,"uova (tracce)","")),IF(AN83=1,"pesce",IF(AN83=2,"pesce (tracce)","")),IF(AO83=1,"crostacei",IF(AO83=2,"crostacei (tracce)","")),IF(AP83=1,"molluschi",IF(AP83=2,"molluschi (tracce)","")),IF(AQ83=1,"frutta a guscio",IF(AQ83=2,"frutta a guscio (tracce)","")),IF(AR83=1,"arachidi",IF(AR83=2,"arachidi (tracce)","")),IF(AS83=1,"soia",IF(AS83=2,"soia (tracce)","")),IF(AT83=1,"sesamo",IF(AT83=2,"sesamo (tracce)","")),IF(AU83=1,"sedano",IF(AU83=2,"sedano (tracce)","")),IF(AV83=1,"senape",IF(AV83=2,"senape (tracce)","")),IF(AW83=1,"solfiti",IF(AW83=2,"solfiti (tracce)","")),IF(AX83=1,"lupini",IF(AX83=2,"lupini (tracce)","")),IF(AY83=1,"nichel",IF(AY83=2,"nichel (tracce)","")),IF(AZ83=1,"FODMAP",IF(AZ83=2,"FODMAP (tracce)",""))) -> glutine (tracce), nichel | BB83: =ROUND(4*C83+4*D83+9*E83+2*N(F83),0) -> 374 | BC83: USDA FoodData Central – SR Legacy | BD83: Glutine: possibile contaminazione salvo avena certificata senza glutine
A84: Farina di frumento tipo 00 | B84: 364 | C84: 73.6 | D84: 10.3 | E84: 1 | F84: 2.7 | G84: 0.27 | H84: 0.16 | I84: 0.09 | J84: 0.41 | K84: 0 | L84: 2 | M84: 107 | N84: 15 | O84: 108 | P84: 22 | Q84: 1.17 | R84: 0.7 | S84: 0 | T84: 0 | U84: 0 | V84: 0.06 | W84: 0.12 | X84: 0.04 | Y84: 1.25 | Z84: 0.04 | AA84: 26 | AB84: 0 | AC84: Cereali e farinacei | AD84: farina_di_frumento_tipo_00 | AE84: carboidrati | AF84: secco | AJ84: 1 | AK84: 0 | AL84: 0 | AM84: 0 | AN84: 0 | AO84: 0 | AP84: 0 | AQ84: 0 | AR84: 0 | AS84: 0 | AT84: 0 | AU84: 0 | AV84: 0 | AW84: 0 | AX84: 0 | AY84: 0 | AZ84: 1 | BA84: =_xlfn.TEXTJOIN(", ",TRUE(),IF(AJ84=1,"glutine",IF(AJ84=2,"glutine (tracce)","")),IF(AK84=1,"latte",IF(AK84=2,"latte (tracce)","")),IF(AL84=1,"lattosio",IF(AL84=2,"lattosio (tracce)","")),IF(AM84=1,"uova",IF(AM84=2,"uova (tracce)","")),IF(AN84=1,"pesce",IF(AN84=2,"pesce (tracce)","")),IF(AO84=1,"crostacei",IF(AO84=2,"crostacei (tracce)","")),IF(AP84=1,"molluschi",IF(AP84=2,"molluschi (tracce)","")),IF(AQ84=1,"frutta a guscio",IF(AQ84=2,"frutta a guscio (tracce)","")),IF(AR84=1,"arachidi",IF(AR84=2,"arachidi (tracce)","")),IF(AS84=1,"soia",IF(AS84=2,"soia (tracce)","")),IF(AT84=1,"sesamo",IF(AT84=2,"sesamo (tracce)","")),IF(AU84=1,"sedano",IF(AU84=2,"sedano (tracce)","")),IF(AV84=1,"senape",IF(AV84=2,"senape (tracce)","")),IF(AW84=1,"solfiti",IF(AW84=2,"solfiti (tracce)","")),IF(AX84=1,"lupini",IF(AX84=2,"lupini (tracce)","")),IF(AY84=1,"nichel",IF(AY84=2,"nichel (tracce)","")),IF(AZ84=1,"FODMAP",IF(AZ84=2,"FODMAP (tracce)",""))) -> glutine, FODMAP | BB84: =ROUND(4*C84+4*D84+9*E84+2*N(F84),0) -> 350 | BC84: USDA FoodData Central – SR Legacy
A85: Pane comune (tipo 0) | B85: 270 | C85: 54.5 | D85: 8.8 | E85: 1.2 | F85: 2.7 | G85: 2 | H85: 0.3 | I85: 0.2 | J85: 0.5 | K85: 0 | L85: 520 | M85: 120 | N85: 20 | O85: 90 | P85: 25 | Q85: 1 | R85: 0.7 | S85: 0 | T85: 0 | U85: 0 | V85: 0.3 | W85: 0.1 | X85: 0.05 | Y85: 1.5 | Z85: 0.1 | AA85: 30 | AB85: 0 | AC85: Cereali e farinacei | AD85: pane_comune_tipo_0 | AE85: carboidrati | AF85: pronto | AJ85: 1 | AK85: 0 | AL85: 0 | AM85: 0 | AN85: 0 | AO85: 0 | AP85: 0 | AQ85: 0 | AR85: 0 | AS85: 0 | AT85: 0 | AU85: 0 | AV85: 0 | AW85: 0 | AX85: 0 | AY85: 0 | AZ85: 1 | BA85: =_xlfn.TEXTJOIN(", ",TRUE(),IF(AJ85=1,"glutine",IF(AJ85=2,"glutine (tracce)","")),IF(AK85=1,"latte",IF(AK85=2,"latte (tracce)","")),IF(AL85=1,"lattosio",IF(AL85=2,"lattosio (tracce)","")),IF(AM85=1,"uova",IF(AM85=2,"uova (tracce)","")),IF(AN85=1,"pesce",IF(AN85=2,"pesce (tracce)","")),IF(AO85=1,"crostacei",IF(AO85=2,"crostacei (tracce)","")),IF(AP85=1,"molluschi",IF(AP85=2,"molluschi (tracce)","")),IF(AQ85=1,"frutta a guscio",IF(AQ85=2,"frutta a guscio (tracce)","")),IF(AR85=1,"arachidi",IF(AR85=2,"arachidi (tracce)","")),IF(AS85=1,"soia",IF(AS85=2,"soia (tracce)","")),IF(AT85=1,"sesamo",IF(AT85=2,"sesamo (tracce)","")),IF(AU85=1,"sedano",IF(AU85=2,"sedano (tracce)","")),IF(AV85=1,"senape",IF(AV85=2,"senape (tracce)","")),IF(AW85=1,"solfiti",IF(AW85=2,"solfiti (tracce)","")),IF(AX85=1,"lupini",IF(AX85=2,"lupini (tracce)","")),IF(AY85=1,"nichel",IF(AY85=2,"nichel (tracce)","")),IF(AZ85=1,"FODMAP",IF(AZ85=2,"FODMAP (tracce)",""))) -> glutine, FODMAP | BB85: =ROUND(4*C85+4*D85+9*E85+2*N(F85),0) -> 269 | BC85: CREA – Tabelle di composizione degli alimenti
A86: Pane integrale | B86: 245 | C86: 44 | D86: 9.5 | E86: 1.6 | F86: 7 | G86: 3 | H86: 0.35 | I86: 0.3 | J86: 0.8 | K86: 0 | L86: 450 | M86: 254 | N86: 50 | O86: 212 | P86: 76 | Q86: 2.5 | R86: 1.8 | S86: 0 | T86: 0 | U86: 0 | V86: 0.5 | W86: 0.3 | X86: 0.1 | Y86: 4.4 | Z86: 0.2 | AA86: 42 | AB86: 0 | AC86: Cereali e farinacei | AD86: pane_integrale | AE86: carboidrati | AF86: pronto | AJ86: 1 | AK86: 0 | AL86: 0 | AM86: 0 | AN86: 0 | AO86: 0 | AP86: 0 | AQ86: 0 | AR86: 0 | AS86: 0 | AT86: 0 | AU86: 0 | AV86: 0 | AW86: 0 | AX86: 0 | AY86: 1 | AZ86: 1 | BA86: =_xlfn.TEXTJOIN(", ",TRUE(),IF(AJ86=1,"glutine",IF(AJ86=2,"glutine (tracce)","")),IF(AK86=1,"latte",IF(AK86=2,"latte (tracce)","")),IF(AL86=1,"lattosio",IF(AL86=2,"lattosio (tracce)","")),IF(AM86=1,"uova",IF(AM86=2,"uova (tracce)","")),IF(AN86=1,"pesce",IF(AN86=2,"pesce (tracce)","")),IF(AO86=1,"crostacei",IF(AO86=2,"crostacei (tracce)","")),IF(AP86=1,"molluschi",IF(AP86=2,"molluschi (tracce)","")),IF(AQ86=1,"frutta a guscio",IF(AQ86=2,"frutta a guscio (tracce)","")),IF(AR86=1,"arachidi",IF(AR86=2,"arachidi (tracce)","")),IF(AS86=1,"soia",IF(AS86=2,"soia (tracce)","")),IF(AT86=1,"sesamo",IF(AT86=2,"sesamo (tracce)","")),IF(AU86=1,"sedano",IF(AU86=2,"sedano (tracce)","")),IF(AV86=1,"senape",IF(AV86=2,"senape (tracce)","")),IF(AW86=1,"solfiti",IF(AW86=2,"solfiti (tracce)","")),IF(AX86=1,"lupini",IF(AX86=2,"lupini (tracce)","")),IF(AY86=1,"nichel",IF(AY86=2,"nichel (tracce)","")),IF(AZ86=1,"FODMAP",IF(AZ86=2,"FODMAP (tracce)",""))) -> glutine, nichel, FODMAP | BB86: =ROUND(4*C86+4*D86+9*E86+2*N(F86),0) -> 242 | BC86: Macro: media etichette IT; micro: USDA FoodData Central – SR Legacy
A87: Pane di segale | B87: 259 | C87: 42.5 | D87: 8.5 | E87: 3.3 | F87: 5.8 | G87: 3.85 | H87: 0.63 | I87: 1.3 | J87: 0.8 | K87: 0 | L87: 603 | M87: 166 | N87: 73 | O87: 125 | P87: 40 | Q87: 2 | R87: 1.14 | S87: 0 | T87: 0 | U87: 0 | V87: 0.33 | W87: 0.2 | X87: 0.1 | Y87: 1.5 | Z87: 0.08 | AA87: 50 | AB87: 0 | AC87: Cereali e farinacei | AD87: pane_di_segale | AE87: carboidrati | AF87: pronto | AJ87: 1 | AK87: 0 | AL87: 0 | AM87: 0 | AN87: 0 | AO87: 0 | AP87: 0 | AQ87: 0 | AR87: 0 | AS87: 0 | AT87: 0 | AU87: 0 | AV87: 0 | AW87: 0 | AX87: 0 | AY87: 0 | AZ87: 1 | BA87: =_xlfn.TEXTJOIN(", ",TRUE(),IF(AJ87=1,"glutine",IF(AJ87=2,"glutine (tracce)","")),IF(AK87=1,"latte",IF(AK87=2,"latte (tracce)","")),IF(AL87=1,"lattosio",IF(AL87=2,"lattosio (tracce)","")),IF(AM87=1,"uova",IF(AM87=2,"uova (tracce)","")),IF(AN87=1,"pesce",IF(AN87=2,"pesce (tracce)","")),IF(AO87=1,"crostacei",IF(AO87=2,"crostacei (tracce)","")),IF(AP87=1,"molluschi",IF(AP87=2,"molluschi (tracce)","")),IF(AQ87=1,"frutta a guscio",IF(AQ87=2,"frutta a guscio (tracce)","")),IF(AR87=1,"arachidi",IF(AR87=2,"arachidi (tracce)","")),IF(AS87=1,"soia",IF(AS87=2,"soia (tracce)","")),IF(AT87=1,"sesamo",IF(AT87=2,"sesamo (tracce)","")),IF(AU87=1,"sedano",IF(AU87=2,"sedano (tracce)","")),IF(AV87=1,"senape",IF(AV87=2,"senape (tracce)","")),IF(AW87=1,"solfiti",IF(AW87=2,"solfiti (tracce)","")),IF(AX87=1,"lupini",IF(AX87=2,"lupini (tracce)","")),IF(AY87=1,"nichel",IF(AY87=2,"nichel (tracce)","")),IF(AZ87=1,"FODMAP",IF(AZ87=2,"FODMAP (tracce)",""))) -> glutine, FODMAP | BB87: =ROUND(4*C87+4*D87+9*E87+2*N(F87),0) -> 245 | BC87: USDA FoodData Central – SR Legacy | BD87: Valori di micronutrienti senza arricchimento (USDA è arricchito)
A88: Pan bauletto bianco | B88: 279 | C88: 49 | D88: 8.4 | E88: 4.7 | F88: 3.3 | G88: 4.8 | H88: 0.5 | K88: 0 | L88: 440 | AC88: Cereali e farinacei | AD88: pan_bauletto_bianco | AE88: carboidrati | AF88: pronto | AH88: 25 | AI88: 1 fetta | AJ88: 1 | AK88: 2 | AL88: 0 | AM88: 0 | AN88: 0 | AO88: 0 | AP88: 0 | AQ88: 0 | AR88: 0 | AS88: 0 | AT88: 0 | AU88: 0 | AV88: 0 | AW88: 0 | AX88: 0 | AY88: 0 | AZ88: 1 | BA88: =_xlfn.TEXTJOIN(", ",TRUE(),IF(AJ88=1,"glutine",IF(AJ88=2,"glutine (tracce)","")),IF(AK88=1,"latte",IF(AK88=2,"latte (tracce)","")),IF(AL88=1,"lattosio",IF(AL88=2,"lattosio (tracce)","")),IF(AM88=1,"uova",IF(AM88=2,"uova (tracce)","")),IF(AN88=1,"pesce",IF(AN88=2,"pesce (tracce)","")),IF(AO88=1,"crostacei",IF(AO88=2,"crostacei (tracce)","")),IF(AP88=1,"molluschi",IF(AP88=2,"molluschi (tracce)","")),IF(AQ88=1,"frutta a guscio",IF(AQ88=2,"frutta a guscio (tracce)","")),IF(AR88=1,"arachidi",IF(AR88=2,"arachidi (tracce)","")),IF(AS88=1,"soia",IF(AS88=2,"soia (tracce)","")),IF(AT88=1,"sesamo",IF(AT88=2,"sesamo (tracce)","")),IF(AU88=1,"sedano",IF(AU88=2,"sedano (tracce)","")),IF(AV88=1,"senape",IF(AV88=2,"senape (tracce)","")),IF(AW88=1,"solfiti",IF(AW88=2,"solfiti (tracce)","")),IF(AX88=1,"lupini",IF(AX88=2,"lupini (tracce)","")),IF(AY88=1,"nichel",IF(AY88=2,"nichel (tracce)","")),IF(AZ88=1,"FODMAP",IF(AZ88=2,"FODMAP (tracce)",""))) -> glutine, latte (tracce), FODMAP | BB88: =ROUND(4*C88+4*D88+9*E88+2*N(F88),0) -> 279 | BC88: Media etichette prodotti commerciali (IT)
A89: Fette biscottate | B89: 410 | C89: 74 | D89: 11.5 | E89: 6 | F89: 3.5 | G89: 7 | H89: 0.7 | K89: 0 | L89: 560 | AC89: Cereali e farinacei | AD89: fette_biscottate | AE89: carboidrati | AF89: pronto | AH89: 9 | AI89: 1 fetta | AJ89: 1 | AK89: 2 | AL89: 0 | AM89: 0 | AN89: 0 | AO89: 0 | AP89: 0 | AQ89: 0 | AR89: 0 | AS89: 0 | AT89: 0 | AU89: 0 | AV89: 0 | AW89: 0 | AX89: 0 | AY89: 0 | AZ89: 1 | BA89: =_xlfn.TEXTJOIN(", ",TRUE(),IF(AJ89=1,"glutine",IF(AJ89=2,"glutine (tracce)","")),IF(AK89=1,"latte",IF(AK89=2,"latte (tracce)","")),IF(AL89=1,"lattosio",IF(AL89=2,"lattosio (tracce)","")),IF(AM89=1,"uova",IF(AM89=2,"uova (tracce)","")),IF(AN89=1,"pesce",IF(AN89=2,"pesce (tracce)","")),IF(AO89=1,"crostacei",IF(AO89=2,"crostacei (tracce)","")),IF(AP89=1,"molluschi",IF(AP89=2,"molluschi (tracce)","")),IF(AQ89=1,"frutta a guscio",IF(AQ89=2,"frutta a guscio (tracce)","")),IF(AR89=1,"arachidi",IF(AR89=2,"arachidi (tracce)","")),IF(AS89=1,"soia",IF(AS89=2,"soia (tracce)","")),IF(AT89=1,"sesamo",IF(AT89=2,"sesamo (tracce)","")),IF(AU89=1,"sedano",IF(AU89=2,"sedano (tracce)","")),IF(AV89=1,"senape",IF(AV89=2,"senape (tracce)","")),IF(AW89=1,"solfiti",IF(AW89=2,"solfiti (tracce)","")),IF(AX89=1,"lupini",IF(AX89=2,"lupini (tracce)","")),IF(AY89=1,"nichel",IF(AY89=2,"nichel (tracce)","")),IF(AZ89=1,"FODMAP",IF(AZ89=2,"FODMAP (tracce)",""))) -> glutine, latte (tracce), FODMAP | BB89: =ROUND(4*C89+4*D89+9*E89+2*N(F89),0) -> 403 | BC89: Media etichette prodotti commerciali (IT)
A90: Gallette di riso | B90: 387 | C90: 77.3 | D90: 8.2 | E90: 2.8 | F90: 4.2 | G90: 0.9 | H90: 0.57 | I90: 1.04 | J90: 1 | K90: 0 | L90: 30 | M90: 290 | N90: 11 | O90: 357 | P90: 131 | Q90: 1.49 | R90: 3.06 | S90: 0 | T90: 0 | U90: 0 | V90: 0.6 | W90: 0.06 | X90: 0.17 | Y90: 7.84 | Z90: 0.15 | AA90: 21 | AB90: 0 | AC90: Cereali e farinacei | AD90: gallette_di_riso | AE90: carboidrati | AF90: pronto | AH90: 8 | AI90: 1 galletta | AJ90: 2 | AK90: 0 | AL90: 0 | AM90: 0 | AN90: 0 | AO90: 0 | AP90: 0 | AQ90: 0 | AR90: 0 | AS90: 0 | AT90: 0 | AU90: 0 | AV90: 0 | AW90: 0 | AX90: 0 | AY90: 0 | AZ90: 0 | BA90: =_xlfn.TEXTJOIN(", ",TRUE(),IF(AJ90=1,"glutine",IF(AJ90=2,"glutine (tracce)","")),IF(AK90=1,"latte",IF(AK90=2,"latte (tracce)","")),IF(AL90=1,"lattosio",IF(AL90=2,"lattosio (tracce)","")),IF(AM90=1,"uova",IF(AM90=2,"uova (tracce)","")),IF(AN90=1,"pesce",IF(AN90=2,"pesce (tracce)","")),IF(AO90=1,"crostacei",IF(AO90=2,"crostacei (tracce)","")),IF(AP90=1,"molluschi",IF(AP90=2,"molluschi (tracce)","")),IF(AQ90=1,"frutta a guscio",IF(AQ90=2,"frutta a guscio (tracce)","")),IF(AR90=1,"arachidi",IF(AR90=2,"arachidi (tracce)","")),IF(AS90=1,"soia",IF(AS90=2,"soia (tracce)","")),IF(AT90=1,"sesamo",IF(AT90=2,"sesamo (tracce)","")),IF(AU90=1,"sedano",IF(AU90=2,"sedano (tracce)","")),IF(AV90=1,"senape",IF(AV90=2,"senape (tracce)","")),IF(AW90=1,"solfiti",IF(AW90=2,"solfiti (tracce)","")),IF(AX90=1,"lupini",IF(AX90=2,"lupini (tracce)","")),IF(AY90=1,"nichel",IF(AY90=2,"nichel (tracce)","")),IF(AZ90=1,"FODMAP",IF(AZ90=2,"FODMAP (tracce)",""))) -> glutine (tracce) | BB90: =ROUND(4*C90+4*D90+9*E90+2*N(F90),0) -> 376 | BC90: USDA FoodData Central – SR Legacy
A91: Gallette di mais | B91: 380 | C91: 79 | D91: 8 | E91: 2.5 | F91: 4 | G91: 1 | H91: 0.4 | K91: 0 | L91: 100 | AC91: Cereali e farinacei | AD91: gallette_di_mais | AE91: carboidrati | AF91: pronto | AH91: 8 | AI91: 1 galletta | AJ91: 2 | AK91: 0 | AL91: 0 | AM91: 0 | AN91: 0 | AO91: 0 | AP91: 0 | AQ91: 0 | AR91: 0 | AS91: 0 | AT91: 0 | AU91: 0 | AV91: 0 | AW91: 0 | AX91: 0 | AY91: 0 | AZ91: 0 | BA91: =_xlfn.TEXTJOIN(", ",TRUE(),IF(AJ91=1,"glutine",IF(AJ91=2,"glutine (tracce)","")),IF(AK91=1,"latte",IF(AK91=2,"latte (tracce)","")),IF(AL91=1,"lattosio",IF(AL91=2,"lattosio (tracce)","")),IF(AM91=1,"uova",IF(AM91=2,"uova (tracce)","")),IF(AN91=1,"pesce",IF(AN91=2,"pesce (tracce)","")),IF(AO91=1,"crostacei",IF(AO91=2,"crostacei (tracce)","")),IF(AP91=1,"molluschi",IF(AP91=2,"molluschi (tracce)","")),IF(AQ91=1,"frutta a guscio",IF(AQ91=2,"frutta a guscio (tracce)","")),IF(AR91=1,"arachidi",IF(AR91=2,"arachidi (tracce)","")),IF(AS91=1,"soia",IF(AS91=2,"soia (tracce)","")),IF(AT91=1,"sesamo",IF(AT91=2,"sesamo (tracce)","")),IF(AU91=1,"sedano",IF(AU91=2,"sedano (tracce)","")),IF(AV91=1,"senape",IF(AV91=2,"senape (tracce)","")),IF(AW91=1,"solfiti",IF(AW91=2,"solfiti (tracce)","")),IF(AX91=1,"lupini",IF(AX91=2,"lupini (tracce)","")),IF(AY91=1,"nichel",IF(AY91=2,"nichel (tracce)","")),IF(AZ91=1,"FODMAP",IF(AZ91=2,"FODMAP (tracce)",""))) -> glutine (tracce) | BB91: =ROUND(4*C91+4*D91+9*E91+2*N(F91),0) -> 379 | BC91: Media etichette prodotti commerciali (IT)
A92: Crema di riso | B92: 360 | C92: 80 | D92: 7 | E92: 0.9 | F92: 1 | G92: 0.5 | H92: 0.2 | K92: 0 | L92: 5 | M92: 100 | N92: 10 | O92: 100 | P92: 20 | Q92: 0.5 | R92: 1 | S92: 0 | T92: 0 | U92: 0 | V92: 0.1 | W92: 0.06 | X92: 0.03 | Y92: 1.5 | Z92: 0.1 | AA92: 6 | AB92: 0 | AC92: Cereali e farinacei | AD92: crema_di_riso | AE92: carboidrati | AF92: secco | AJ92: 0 | AK92: 0 | AL92: 0 | AM92: 0 | AN92: 0 | AO92: 0 | AP92: 0 | AQ92: 0 | AR92: 0 | AS92: 0 | AT92: 0 | AU92: 0 | AV92: 0 | AW92: 0 | AX92: 0 | AY92: 0 | AZ92: 0 | BA92: =_xlfn.TEXTJOIN(", ",TRUE(),IF(AJ92=1,"glutine",IF(AJ92=2,"glutine (tracce)","")),IF(AK92=1,"latte",IF(AK92=2,"latte (tracce)","")),IF(AL92=1,"lattosio",IF(AL92=2,"lattosio (tracce)","")),IF(AM92=1,"uova",IF(AM92=2,"uova (tracce)","")),IF(AN92=1,"pesce",IF(AN92=2,"pesce (tracce)","")),IF(AO92=1,"crostacei",IF(AO92=2,"crostacei (tracce)","")),IF(AP92=1,"molluschi",IF(AP92=2,"molluschi (tracce)","")),IF(AQ92=1,"frutta a guscio",IF(AQ92=2,"frutta a guscio (tracce)","")),IF(AR92=1,"arachidi",IF(AR92=2,"arachidi (tracce)","")),IF(AS92=1,"soia",IF(AS92=2,"soia (tracce)","")),IF(AT92=1,"sesamo",IF(AT92=2,"sesamo (tracce)","")),IF(AU92=1,"sedano",IF(AU92=2,"sedano (tracce)","")),IF(AV92=1,"senape",IF(AV92=2,"senape (tracce)","")),IF(AW92=1,"solfiti",IF(AW92=2,"solfiti (tracce)","")),IF(AX92=1,"lupini",IF(AX92=2,"lupini (tracce)","")),IF(AY92=1,"nichel",IF(AY92=2,"nichel (tracce)","")),IF(AZ92=1,"FODMAP",IF(AZ92=2,"FODMAP (tracce)",""))) | BB92: =ROUND(4*C92+4*D92+9*E92+2*N(F92),0) -> 358 | BC92: Media etichette prodotti commerciali (IT)
A93: Cornflakes | B93: 378 | C93: 84 | D93: 7 | E93: 0.9 | F93: 3 | G93: 8 | H93: 0.2 | K93: 0 | L93: 450 | AC93: Cereali e farinacei | AD93: cornflakes | AE93: carboidrati | AF93: pronto | AJ93: 1 | AK93: 0 | AL93: 0 | AM93: 0 | AN93: 0 | AO93: 0 | AP93: 0 | AQ93: 0 | AR93: 0 | AS93: 0 | AT93: 0 | AU93: 0 | AV93: 0 | AW93: 0 | AX93: 0 | AY93: 0 | AZ93: 0 | BA93: =_xlfn.TEXTJOIN(", ",TRUE(),IF(AJ93=1,"glutine",IF(AJ93=2,"glutine (tracce)","")),IF(AK93=1,"latte",IF(AK93=2,"latte (tracce)","")),IF(AL93=1,"lattosio",IF(AL93=2,"lattosio (tracce)","")),IF(AM93=1,"uova",IF(AM93=2,"uova (tracce)","")),IF(AN93=1,"pesce",IF(AN93=2,"pesce (tracce)","")),IF(AO93=1,"crostacei",IF(AO93=2,"crostacei (tracce)","")),IF(AP93=1,"molluschi",IF(AP93=2,"molluschi (tracce)","")),IF(AQ93=1,"frutta a guscio",IF(AQ93=2,"frutta a guscio (tracce)","")),IF(AR93=1,"arachidi",IF(AR93=2,"arachidi (tracce)","")),IF(AS93=1,"soia",IF(AS93=2,"soia (tracce)","")),IF(AT93=1,"sesamo",IF(AT93=2,"sesamo (tracce)","")),IF(AU93=1,"sedano",IF(AU93=2,"sedano (tracce)","")),IF(AV93=1,"senape",IF(AV93=2,"senape (tracce)","")),IF(AW93=1,"solfiti",IF(AW93=2,"solfiti (tracce)","")),IF(AX93=1,"lupini",IF(AX93=2,"lupini (tracce)","")),IF(AY93=1,"nichel",IF(AY93=2,"nichel (tracce)","")),IF(AZ93=1,"FODMAP",IF(AZ93=2,"FODMAP (tracce)",""))) -> glutine | BB93: =ROUND(4*C93+4*D93+9*E93+2*N(F93),0) -> 378 | BC93: Media etichette prodotti commerciali (IT) | BD93: Contengono malto d'orzo (glutine); micronutrienti variabili se arricchiti
A94: Rice krispies | B94: 382 | C94: 85 | D94: 6.5 | E94: 1 | F94: 1.5 | G94: 10 | H94: 0.3 | K94: 0 | L94: 400 | AC94: Cereali e farinacei | AD94: rice_krispies | AE94: carboidrati | AF94: pronto | AJ94: 1 | AK94: 0 | AL94: 0 | AM94: 0 | AN94: 0 | AO94: 0 | AP94: 0 | AQ94: 0 | AR94: 0 | AS94: 0 | AT94: 0 | AU94: 0 | AV94: 0 | AW94: 0 | AX94: 0 | AY94: 0 | AZ94: 0 | BA94: =_xlfn.TEXTJOIN(", ",TRUE(),IF(AJ94=1,"glutine",IF(AJ94=2,"glutine (tracce)","")),IF(AK94=1,"latte",IF(AK94=2,"latte (tracce)","")),IF(AL94=1,"lattosio",IF(AL94=2,"lattosio (tracce)","")),IF(AM94=1,"uova",IF(AM94=2,"uova (tracce)","")),IF(AN94=1,"pesce",IF(AN94=2,"pesce (tracce)","")),IF(AO94=1,"crostacei",IF(AO94=2,"crostacei (tracce)","")),IF(AP94=1,"molluschi",IF(AP94=2,"molluschi (tracce)","")),IF(AQ94=1,"frutta a guscio",IF(AQ94=2,"frutta a guscio (tracce)","")),IF(AR94=1,"arachidi",IF(AR94=2,"arachidi (tracce)","")),IF(AS94=1,"soia",IF(AS94=2,"soia (tracce)","")),IF(AT94=1,"sesamo",IF(AT94=2,"sesamo (tracce)","")),IF(AU94=1,"sedano",IF(AU94=2,"sedano (tracce)","")),IF(AV94=1,"senape",IF(AV94=2,"senape (tracce)","")),IF(AW94=1,"solfiti",IF(AW94=2,"solfiti (tracce)","")),IF(AX94=1,"lupini",IF(AX94=2,"lupini (tracce)","")),IF(AY94=1,"nichel",IF(AY94=2,"nichel (tracce)","")),IF(AZ94=1,"FODMAP",IF(AZ94=2,"FODMAP (tracce)",""))) -> glutine | BB94: =ROUND(4*C94+4*D94+9*E94+2*N(F94),0) -> 378 | BC94: Media etichette prodotti commerciali (IT) | BD94: Contengono malto d'orzo (glutine)
A95: Choco krispies | B95: 387 | C95: 82 | D95: 6 | E95: 2.5 | F95: 3 | G95: 25 | H95: 1 | K95: 0 | L95: 240 | AC95: Cereali e farinacei | AD95: choco_krispies | AE95: carboidrati | AF95: pronto | AJ95: 1 | AK95: 2 | AL95: 0 | AM95: 0 | AN95: 0 | AO95: 0 | AP95: 0 | AQ95: 0 | AR95: 0 | AS95: 2 | AT95: 0 | AU95: 0 | AV95: 0 | AW95: 0 | AX95: 0 | AY95: 0 | AZ95: 0 | BA95: =_xlfn.TEXTJOIN(", ",TRUE(),IF(AJ95=1,"glutine",IF(AJ95=2,"glutine (tracce)","")),IF(AK95=1,"latte",IF(AK95=2,"latte (tracce)","")),IF(AL95=1,"lattosio",IF(AL95=2,"lattosio (tracce)","")),IF(AM95=1,"uova",IF(AM95=2,"uova (tracce)","")),IF(AN95=1,"pesce",IF(AN95=2,"pesce (tracce)","")),IF(AO95=1,"crostacei",IF(AO95=2,"crostacei (tracce)","")),IF(AP95=1,"molluschi",IF(AP95=2,"molluschi (tracce)","")),IF(AQ95=1,"frutta a guscio",IF(AQ95=2,"frutta a guscio (tracce)","")),IF(AR95=1,"arachidi",IF(AR95=2,"arachidi (tracce)","")),IF(AS95=1,"soia",IF(AS95=2,"soia (tracce)","")),IF(AT95=1,"sesamo",IF(AT95=2,"sesamo (tracce)","")),IF(AU95=1,"sedano",IF(AU95=2,"sedano (tracce)","")),IF(AV95=1,"senape",IF(AV95=2,"senape (tracce)","")),IF(AW95=1,"solfiti",IF(AW95=2,"solfiti (tracce)","")),IF(AX95=1,"lupini",IF(AX95=2,"lupini (tracce)","")),IF(AY95=1,"nichel",IF(AY95=2,"nichel (tracce)","")),IF(AZ95=1,"FODMAP",IF(AZ95=2,"FODMAP (tracce)",""))) -> glutine, latte (tracce), soia (tracce) | BB95: =ROUND(4*C95+4*D95+9*E95+2*N(F95),0) -> 381 | BC95: Media etichette prodotti commerciali (IT)
A96: Muesli croccante (granola) | B96: 450 | C96: 64 | D96: 9 | E96: 16 | F96: 7 | G96: 20 | H96: 3.5 | K96: 0 | L96: 80 | AC96: Cereali e farinacei | AD96: muesli_croccante_granola | AE96: carboidrati | AF96: pronto | AJ96: 1 | AK96: 0 | AL96: 0 | AM96: 0 | AN96: 0 | AO96: 0 | AP96: 0 | AQ96: 2 | AR96: 0 | AS96: 0 | AT96: 0 | AU96: 0 | AV96: 0 | AW96: 0 | AX96: 0 | AY96: 1 | AZ96: 1 | BA96: =_xlfn.TEXTJOIN(", ",TRUE(),IF(AJ96=1,"glutine",IF(AJ96=2,"glutine (tracce)","")),IF(AK96=1,"latte",IF(AK96=2,"latte (tracce)","")),IF(AL96=1,"lattosio",IF(AL96=2,"lattosio (tracce)","")),IF(AM96=1,"uova",IF(AM96=2,"uova (tracce)","")),IF(AN96=1,"pesce",IF(AN96=2,"pesce (tracce)","")),IF(AO96=1,"crostacei",IF(AO96=2,"crostacei (tracce)","")),IF(AP96=1,"molluschi",IF(AP96=2,"molluschi (tracce)","")),IF(AQ96=1,"frutta a guscio",IF(AQ96=2,"frutta a guscio (tracce)","")),IF(AR96=1,"arachidi",IF(AR96=2,"arachidi (tracce)","")),IF(AS96=1,"soia",IF(AS96=2,"soia (tracce)","")),IF(AT96=1,"sesamo",IF(AT96=2,"sesamo (tracce)","")),IF(AU96=1,"sedano",IF(AU96=2,"sedano (tracce)","")),IF(AV96=1,"senape",IF(AV96=2,"senape (tracce)","")),IF(AW96=1,"solfiti",IF(AW96=2,"solfiti (tracce)","")),IF(AX96=1,"lupini",IF(AX96=2,"lupini (tracce)","")),IF(AY96=1,"nichel",IF(AY96=2,"nichel (tracce)","")),IF(AZ96=1,"FODMAP",IF(AZ96=2,"FODMAP (tracce)",""))) -> glutine, frutta a guscio (tracce), nichel, FODMAP | BB96: =ROUND(4*C96+4*D96+9*E96+2*N(F96),0) -> 450 | BC96: Media etichette prodotti commerciali (IT)
A97: Muesli classico (non tostato) | B97: 360 | C97: 60 | D97: 10 | E97: 6 | F97: 8 | G97: 18 | H97: 1 | K97: 0 | L97: 30 | AC97: Cereali e farinacei | AD97: muesli_classico_non_tostato | AE97: carboidrati | AF97: pronto | AJ97: 1 | AK97: 0 | AL97: 0 | AM97: 0 | AN97: 0 | AO97: 0 | AP97: 0 | AQ97: 2 | AR97: 0 | AS97: 0 | AT97: 0 | AU97: 0 | AV97: 0 | AW97: 0 | AX97: 0 | AY97: 1 | AZ97: 1 | BA97: =_xlfn.TEXTJOIN(", ",TRUE(),IF(AJ97=1,"glutine",IF(AJ97=2,"glutine (tracce)","")),IF(AK97=1,"latte",IF(AK97=2,"latte (tracce)","")),IF(AL97=1,"lattosio",IF(AL97=2,"lattosio (tracce)","")),IF(AM97=1,"uova",IF(AM97=2,"uova (tracce)","")),IF(AN97=1,"pesce",IF(AN97=2,"pesce (tracce)","")),IF(AO97=1,"crostacei",IF(AO97=2,"crostacei (tracce)","")),IF(AP97=1,"molluschi",IF(AP97=2,"molluschi (tracce)","")),IF(AQ97=1,"frutta a guscio",IF(AQ97=2,"frutta a guscio (tracce)","")),IF(AR97=1,"arachidi",IF(AR97=2,"arachidi (tracce)","")),IF(AS97=1,"soia",IF(AS97=2,"soia (tracce)","")),IF(AT97=1,"sesamo",IF(AT97=2,"sesamo (tracce)","")),IF(AU97=1,"sedano",IF(AU97=2,"sedano (tracce)","")),IF(AV97=1,"senape",IF(AV97=2,"senape (tracce)","")),IF(AW97=1,"solfiti",IF(AW97=2,"solfiti (tracce)","")),IF(AX97=1,"lupini",IF(AX97=2,"lupini (tracce)","")),IF(AY97=1,"nichel",IF(AY97=2,"nichel (tracce)","")),IF(AZ97=1,"FODMAP",IF(AZ97=2,"FODMAP (tracce)",""))) -> glutine, frutta a guscio (tracce), nichel, FODMAP | BB97: =ROUND(4*C97+4*D97+9*E97+2*N(F97),0) -> 350 | BC97: Media etichette prodotti commerciali (IT)
A98: Biscotti secchi (tipo Oro Saiwa) | B98: 435 | C98: 75 | D98: 7.5 | E98: 11 | F98: 2.5 | G98: 22 | H98: 1.2 | K98: 0 | L98: 360 | AC98: Cereali e farinacei | AD98: biscotti_secchi_tipo_oro_saiwa | AE98: carboidrati | AF98: pronto | AH98: 6 | AI98: 1 biscotto | AJ98: 1 | AK98: 1 | AL98: 0 | AM98: 2 | AN98: 0 | AO98: 0 | AP98: 0 | AQ98: 0 | AR98: 0 | AS98: 0 | AT98: 0 | AU98: 0 | AV98: 0 | AW98: 0 | AX98: 0 | AY98: 0 | AZ98: 1 | BA98: =_xlfn.TEXTJOIN(", ",TRUE(),IF(AJ98=1,"glutine",IF(AJ98=2,"glutine (tracce)","")),IF(AK98=1,"latte",IF(AK98=2,"latte (tracce)","")),IF(AL98=1,"lattosio",IF(AL98=2,"lattosio (tracce)","")),IF(AM98=1,"uova",IF(AM98=2,"uova (tracce)","")),IF(AN98=1,"pesce",IF(AN98=2,"pesce (tracce)","")),IF(AO98=1,"crostacei",IF(AO98=2,"crostacei (tracce)","")),IF(AP98=1,"molluschi",IF(AP98=2,"molluschi (tracce)","")),IF(AQ98=1,"frutta a guscio",IF(AQ98=2,"frutta a guscio (tracce)","")),IF(AR98=1,"arachidi",IF(AR98=2,"arachidi (tracce)","")),IF(AS98=1,"soia",IF(AS98=2,"soia (tracce)","")),IF(AT98=1,"sesamo",IF(AT98=2,"sesamo (tracce)","")),IF(AU98=1,"sedano",IF(AU98=2,"sedano (tracce)","")),IF(AV98=1,"senape",IF(AV98=2,"senape (tracce)","")),IF(AW98=1,"solfiti",IF(AW98=2,"solfiti (tracce)","")),IF(AX98=1,"lupini",IF(AX98=2,"lupini (tracce)","")),IF(AY98=1,"nichel",IF(AY98=2,"nichel (tracce)","")),IF(AZ98=1,"FODMAP",IF(AZ98=2,"FODMAP (tracce)",""))) -> glutine, latte, uova (tracce), FODMAP | BB98: =ROUND(4*C98+4*D98+9*E98+2*N(F98),0) -> 434 | BC98: Media etichette prodotti commerciali (IT)
A99: Crackers classici | B99: 430 | C99: 70 | D99: 10 | E99: 11 | F99: 3.5 | G99: 3 | H99: 1.2 | K99: 0 | L99: 1000 | AC99: Cereali e farinacei | AD99: crackers_classici | AE99: carboidrati | AF99: pronto | AH99: 25 | AI99: 1 pacchetto | AJ99: 1 | AK99: 0 | AL99: 0 | AM99: 0 | AN99: 0 | AO99: 0 | AP99: 0 | AQ99: 0 | AR99: 0 | AS99: 0 | AT99: 2 | AU99: 0 | AV99: 0 | AW99: 0 | AX99: 0 | AY99: 0 | AZ99: 1 | BA99: =_xlfn.TEXTJOIN(", ",TRUE(),IF(AJ99=1,"glutine",IF(AJ99=2,"glutine (tracce)","")),IF(AK99=1,"latte",IF(AK99=2,"latte (tracce)","")),IF(AL99=1,"lattosio",IF(AL99=2,"lattosio (tracce)","")),IF(AM99=1,"uova",IF(AM99=2,"uova (tracce)","")),IF(AN99=1,"pesce",IF(AN99=2,"pesce (tracce)","")),IF(AO99=1,"crostacei",IF(AO99=2,"crostacei (tracce)","")),IF(AP99=1,"molluschi",IF(AP99=2,"molluschi (tracce)","")),IF(AQ99=1,"frutta a guscio",IF(AQ99=2,"frutta a guscio (tracce)","")),IF(AR99=1,"arachidi",IF(AR99=2,"arachidi (tracce)","")),IF(AS99=1,"soia",IF(AS99=2,"soia (tracce)","")),IF(AT99=1,"sesamo",IF(AT99=2,"sesamo (tracce)","")),IF(AU99=1,"sedano",IF(AU99=2,"sedano (tracce)","")),IF(AV99=1,"senape",IF(AV99=2,"senape (tracce)","")),IF(AW99=1,"solfiti",IF(AW99=2,"solfiti (tracce)","")),IF(AX99=1,"lupini",IF(AX99=2,"lupini (tracce)","")),IF(AY99=1,"nichel",IF(AY99=2,"nichel (tracce)","")),IF(AZ99=1,"FODMAP",IF(AZ99=2,"FODMAP (tracce)",""))) -> glutine, sesamo (tracce), FODMAP | BB99: =ROUND(4*C99+4*D99+9*E99+2*N(F99),0) -> 426 | BC99: Media etichette prodotti commerciali (IT)
A100: Gnocchi di patate | B100: 150 | C100: 33 | D100: 3.8 | E100: 0.4 | F100: 1.8 | G100: 0.5 | H100: 0.1 | K100: 0 | L100: 380 | AC100: Cereali e farinacei | AD100: gnocchi_di_patate | AE100: carboidrati | AF100: pronto | AJ100: 1 | AK100: 0 | AL100: 0 | AM100: 2 | AN100: 0 | AO100: 0 | AP100: 0 | AQ100: 0 | AR100: 0 | AS100: 0 | AT100: 0 | AU100: 0 | AV100: 0 | AW100: 0 | AX100: 0 | AY100: 0 | AZ100: 0 | BA100: =_xlfn.TEXTJOIN(", ",TRUE(),IF(AJ100=1,"glutine",IF(AJ100=2,"glutine (tracce)","")),IF(AK100=1,"latte",IF(AK100=2,"latte (tracce)","")),IF(AL100=1,"lattosio",IF(AL100=2,"lattosio (tracce)","")),IF(AM100=1,"uova",IF(AM100=2,"uova (tracce)","")),IF(AN100=1,"pesce",IF(AN100=2,"pesce (tracce)","")),IF(AO100=1,"crostacei",IF(AO100=2,"crostacei (tracce)","")),IF(AP100=1,"molluschi",IF(AP100=2,"molluschi (tracce)","")),IF(AQ100=1,"frutta a guscio",IF(AQ100=2,"frutta a guscio (tracce)","")),IF(AR100=1,"arachidi",IF(AR100=2,"arachidi (tracce)","")),IF(AS100=1,"soia",IF(AS100=2,"soia (tracce)","")),IF(AT100=1,"sesamo",IF(AT100=2,"sesamo (tracce)","")),IF(AU100=1,"sedano",IF(AU100=2,"sedano (tracce)","")),IF(AV100=1,"senape",IF(AV100=2,"senape (tracce)","")),IF(AW100=1,"solfiti",IF(AW100=2,"solfiti (tracce)","")),IF(AX100=1,"lupini",IF(AX100=2,"lupini (tracce)","")),IF(AY100=1,"nichel",IF(AY100=2,"nichel (tracce)","")),IF(AZ100=1,"FODMAP",IF(AZ100=2,"FODMAP (tracce)",""))) -> glutine, uova (tracce) | BB100: =ROUND(4*C100+4*D100+9*E100+2*N(F100),0) -> 154 | BC100: Media etichette prodotti commerciali (IT)
...

Sheet Legenda
A1: LEGENDA ALLERGENI, INTOLLERANZE E FLAG
A3: Colonna | B3: Allergene / flag | C3: Colore | D3: N. alimenti presenti (1) | E3: N. alimenti tracce (2)
A4: all_glutine | B4: Glutine / celiachia | D4: =COUNTIF(Alimenti!AJ2:AJ182,1) -> 21 | E4: =COUNTIF(Alimenti!AJ2:AJ182,2) -> 4
A5: all_latte | B5: Latte (proteine del latte) | D5: =COUNTIF(Alimenti!AK2:AK182,1) -> 22 | E5: =COUNTIF(Alimenti!AK2:AK182,2) -> 4
A6: int_lattosio | B6: Lattosio (intolleranza) | D6: =COUNTIF(Alimenti!AL2:AL182,1) -> 16 | E6: =COUNTIF(Alimenti!AL2:AL182,2) -> 0
A7: all_uova | B7: Uova | D7: =COUNTIF(Alimenti!AM2:AM182,1) -> 4 | E7: =COUNTIF(Alimenti!AM2:AM182,2) -> 2
A8: all_pesce | B8: Pesce | D8: =COUNTIF(Alimenti!AN2:AN182,1) -> 16 | E8: =COUNTIF(Alimenti!AN2:AN182,2) -> 0
A9: all_crostacei | B9: Crostacei | D9: =COUNTIF(Alimenti!AO2:AO182,1) -> 1 | E9: =COUNTIF(Alimenti!AO2:AO182,2) -> 0
A10: all_molluschi | B10: Molluschi | D10: =COUNTIF(Alimenti!AP2:AP182,1) -> 5 | E10: =COUNTIF(Alimenti!AP2:AP182,2) -> 0
A11: all_frutta_guscio | B11: Frutta a guscio | D11: =COUNTIF(Alimenti!AQ2:AQ182,1) -> 7 | E11: =COUNTIF(Alimenti!AQ2:AQ182,2) -> 4
A12: all_arachidi | B12: Arachidi | D12: =COUNTIF(Alimenti!AR2:AR182,1) -> 2 | E12: =COUNTIF(Alimenti!AR2:AR182,2) -> 0
A13: all_soia | B13: Soia | D13: =COUNTIF(Alimenti!AS2:AS182,1) -> 7 | E13: =COUNTIF(Alimenti!AS2:AS182,2) -> 5
A14: all_sesamo | B14: Sesamo | D14: =COUNTIF(Alimenti!AT2:AT182,1) -> 1 | E14: =COUNTIF(Alimenti!AT2:AT182,2) -> 1
A15: all_sedano | B15: Sedano | D15: =COUNTIF(Alimenti!AU2:AU182,1) -> 1 | E15: =COUNTIF(Alimenti!AU2:AU182,2) -> 0
A16: all_senape | B16: Senape | D16: =COUNTIF(Alimenti!AV2:AV182,1) -> 1 | E16: =COUNTIF(Alimenti!AV2:AV182,2) -> 0
A17: all_solfiti | B17: Anidride solforosa / solfiti | D17: =COUNTIF(Alimenti!AW2:AW182,1) -> 1 | E17: =COUNTIF(Alimenti!AW2:AW182,2) -> 1
A18: all_lupini | B18: Lupini | D18: =COUNTIF(Alimenti!AX2:AX182,1) -> 1 | E18: =COUNTIF(Alimenti!AX2:AX182,2) -> 0
A19: nichel | B19: Nichel (alto contenuto) | D19: =COUNTIF(Alimenti!AY2:AY182,1) -> 57 | E19: =COUNTIF(Alimenti!AY2:AY182,2) -> 0
A20: fodmap_alto | B20: FODMAP alto (colon irritabile) | D20: =COUNTIF(Alimenti!AZ2:AZ182,1) -> 56 | E20: =COUNTIF(Alimenti!AZ2:AZ182,2) -> 0
A22: VALORI DEI FLAG: 0 = assente · 1 = presente · 2 = possibili tracce o dipende dal prodotto (es. avena non certificata, cioccolato).
A23: Glutine, latte, uova, pesce, crostacei, molluschi, frutta a guscio, arachidi, soia, sesamo, sedano, senape, solfiti, lupini = 14 allergeni del Reg. UE 1169/2011.
A24: Lattosio, nichel e FODMAP sono intolleranze/sensibilità, non allergeni di legge: utili per pazienti con intolleranza al lattosio, SNAS (nichel) e colon irritabile.
A25: Nichel: segnalati gli alimenti indicati come ad alto contenuto nelle principali liste cliniche (legumi, frutta secca, cacao, cereali integrali, pomodoro, spinaci, cavoli, funghi, asparagi, frutti di mare, conserve in scatola…).
A26: FODMAP: alto contenuto secondo le porzioni standard (riferimento Monash University). Il carico dipende dalla quantità.
A28: CONVENZIONI DEI DATI
A29: Tutti i valori sono per 100 g di parte edibile, nello "stato" indicato (crudo, secco, sgocciolato…). Per i liquidi usa g_per_ml per convertire i ml.
A30: Carboidrati = carboidrati DISPONIBILI (fibra esclusa), come nelle etichette UE. Dai dati USDA: carboidrati per differenza − fibra.
A31: Celle vuote = dato non disponibile o troppo variabile tra marche (prodotti commerciali): nel codice trattarle come "mancante", non come zero.
A32: kcal = valore della fonte; kcal_da_macro è un controllo (4/4/9 + 2 kcal/g di fibra): piccoli scostamenti sono normali tra fonti diverse.
A34: FONTI
A35: USDA FoodData Central – SR Legacy (https://fdc.nal.usda.gov) per la maggior parte dei micronutrienti e degli alimenti base.
... A38: I valori sono stati compilati da queste fonti di riferimento: prima di usarli in ambito clinico, verificare a campione le righe critiche sul database originale.

Sheet Dizionario_colonne
A1: colonna | B1: lettera | C1: etichetta | D1: unità | E1: descrizione
A2: alimento | B2: A | C2: Nome dell'alimento | D2: testo
A3: kcal | B3: B | C3: Energia | D3: kcal
A4: carboidrati_g | B4: C | C4: Carboidrati disponibili | D4: g | E4: Esclusa la fibra (convenzione UE / etichette italiane)
A5: proteine_g | B5: D | C5: Proteine | D5: g
A6: grassi_g | B6: E | C6: Grassi totali | D6: g
A7: fibra_g | B7: F | C7: Fibra | D7: g | E7: Fibra alimentare totale
A8: zuccheri_g | B8: G | C8: Zuccheri | D8: g | E8: Zuccheri semplici totali (quota dei carboidrati)
A9: grassi_saturi_g | B9: H | C9: Grassi saturi | D9: g | E9: Acidi grassi saturi
A10: grassi_mono_g | B10: I | C10: Grassi monoinsaturi | D10: g | E10: Acidi grassi monoinsaturi
A11: grassi_poli_g | B11: J | C11: Grassi polinsaturi | D11: g | E11: Acidi grassi polinsaturi
A12: colesterolo_mg | B12: K | C12: Colesterolo | D12: mg
A13: sodio_mg | B13: L | C13: Sodio | D13: mg | E13: Sale (g) = sodio (mg) × 2,5 / 1000
A14: potassio_mg | B14: M | C14: Potassio | D14: mg
A15: calcio_mg | B15: N | C15: Calcio | D15: mg
A16: fosforo_mg | B16: O | C16: Fosforo | D16: mg
A17: magnesio_mg | B17: P | C17: Magnesio | D17: mg
A18: ferro_mg | B18: Q | C18: Ferro | D18: mg
A19: zinco_mg | B19: R | C19: Zinco | D19: mg
A20: vit_a_ug_rae | B20: S | C20: Vitamina A | D20: µg RAE | E20: Retinolo equivalenti (attività)
A21: vit_c_mg | B21: T | C21: Vitamina C | D21: mg
A22: vit_d_ug | B22: U | C22: Vitamina D | D22: µg | E22: 1 µg = 40 UI
A23: vit_e_mg | B23: V | C23: Vitamina E | D23: mg | E23: Alfa-tocoferolo
A24: vit_b1_mg | B24: W | C24: Vitamina B1 (tiamina) | D24: mg
A25: vit_b2_mg | B25: X | C25: Vitamina B2 (riboflavina) | D25: mg
A26: vit_b3_mg | B26: Y | C26: Vitamina B3 (niacina) | D26: mg
A27: vit_b6_mg | B27: Z | C27: Vitamina B6 | D27: mg
A28: folati_ug | B28: AA | C28: Folati | D28: µg DFE | E28: Folati alimentari
A29: vit_b12_ug | B29: AB | C29: Vitamina B12 | D29: µg
A30: categoria | B30: AC | C30: Categoria | D30: testo | E30: Gruppo alimentare (vedi foglio Categorie)
A31: id | B31: AD | C31: ID univoco | D31: testo | E31: Chiave stabile per il codice (snake_case)
A32: ruolo | B32: AE | C32: Ruolo nel piano | D32: testo | E32: Macro prevalente: proteine / carboidrati / grassi / misto / verdura / frutta / condimento
A33: stato | B33: AF | C33: Stato di pesatura | D33: testo | E33: crudo, secco, cotto, sgocciolato, pronto, liquido, polvere, stagionato, ammollato
A34: g_per_ml | B34: AG | C34: Densità | D34: g/ml | E34: Per convertire ml in g (solo liquidi)
A35: porzione_unitaria_g | B35: AH | C35: Peso unità | D35: g | E35: Peso di 1 unità (uovo, galletta, fetta…)
A36: porzione_unitaria_descr | B36: AI | C36: Descrizione unità | D36: testo
A37: all_glutine | B37: AJ | C37: Glutine / celiachia | D37: flag | E37: 0 = assente · 1 = presente · 2 = possibili tracce / dipende dal prodotto
A38: all_latte | B38: AK | C38: Latte (proteine del latte) | D38: flag | E38: 0 = assente · 1 = presente · 2 = possibili tracce / dipende dal prodotto
A39: int_lattosio | B39: AL | C39: Lattosio (intolleranza) | D39: flag | E39: 0 = assente · 1 = presente · 2 = possibili tracce / dipende dal prodotto
A40: all_uova | B40: AM | C40: Uova | D40: flag | E40: 0 = assente · 1 = presente · 2 = possibili tracce / dipende dal prodotto
A41: all_pesce | B41: AN | C41: Pesce | D41: flag | E41: 0 = assente · 1 = presente · 2 = possibili tracce / dipende dal prodotto
A42: all_crostacei | B42: AO | C42: Crostacei | D42: flag | E42: 0 = assente · 1 = presente · 2 = possibili tracce / dipende dal prodotto
A43: all_molluschi | B43: AP | C43: Molluschi | D43: flag | E43: 0 = assente · 1 = presente · 2 = possibili tracce / dipende dal prodotto
A44: all_frutta_guscio | B44: AQ | C44: Frutta a guscio | D44: flag | E44: 0 = assente · 1 = presente · 2 = possibili tracce / dipende dal prodotto
A45: all_arachidi | B45: AR | C45: Arachidi | D45: flag | E45: 0 = assente · 1 = presente · 2 = possibili tracce / dipende dal prodotto
A46: all_soia | B46: AS | C46: Soia | D46: flag | E46: 0 = assente · 1 = presente · 2 = possibili tracce / dipende dal prodotto
A47: all_sesamo | B47: AT | C47: Sesamo | D47: flag | E47: 0 = assente · 1 = presente · 2 = possibili tracce / dipende dal prodotto
A48: all_sedano | B48: AU | C48: Sedano | D48: flag | E48: 0 = assente · 1 = presente · 2 = possibili tracce / dipende dal prodotto
... A55: kcal_da_macro | B55: BB | C55: Kcal ricalcolate | D55: kcal | E55: Controllo: 4×carb + 4×prot + 9×grassi + 2×fibra
A56: fonte | B56: BC | C56: Fonte dati | D56: testo
A57: note | B57: BD | C57: Note | D57: testo

Sheet Categorie
A1: ordine | B1: categoria | C1: id_categoria | D1: n_alimenti
A2: 1 | B2: Latte e latticini | C2: latte_e_latticini | D2: =COUNTIF(Alimenti!AC2:AC182,B2) -> 17
A3: 2 | B3: Uova | C3: uova | D3: =COUNTIF(Alimenti!AC2:AC182,B3) -> 4
A4: 3 | B4: Carni | C4: carni | D4: =COUNTIF(Alimenti!AC2:AC182,B4) -> 10
A5: 4 | B5: Salumi | C5: salumi | D5: =COUNTIF(Alimenti!AC2:AC182,B5) -> 4
A6: 5 | B6: Pesce | C6: pesce | D6: =COUNTIF(Alimenti!AC2:AC182,B6) -> 16
A7: 6 | B7: Crostacei e molluschi | C7: crostacei_e_molluschi | D7: =COUNTIF(Alimenti!AC2:AC182,B7) -> 6
A8: 7 | B8: Proteine vegetali | C8: proteine_vegetali | D8: =COUNTIF(Alimenti!AC2:AC182,B8) -> 6
A9: 8 | B9: Legumi | C9: legumi | D9: =COUNTIF(Alimenti!AC2:AC182,B9) -> 8
A10: 9 | B10: Cereali e farinacei | C10: cereali_e_farinacei | D10: =COUNTIF(Alimenti!AC2:AC182,B10) -> 28
A11: 10 | B11: Tuberi | C11: tuberi | D11: =COUNTIF(Alimenti!AC2:AC182,B11) -> 2
A12: 11 | B12: Frutta | C12: frutta | D12: =COUNTIF(Alimenti!AC2:AC182,B12) -> 18
A13: 12 | B13: Frutta secca e semi | C13: frutta_secca_e_semi | D13: =COUNTIF(Alimenti!AC2:AC182,B13) -> 12
A14: 13 | B14: Grassi e condimenti | C14: grassi_e_condimenti | D14: =COUNTIF(Alimenti!AC2:AC182,B14) -> 8
A15: 14 | B15: Dolci e varie | C15: dolci_e_varie | D15: =COUNTIF(Alimenti!AC2:AC182,B15) -> 5
A16: 15 | B16: Integratori e prodotti proteici | C16: integratori_e_prodotti_proteici | D16: =COUNTIF(Alimenti!AC2:AC182,B16) -> 3
A17: 16 | B17: Verdure | C17: verdure | D17: =COUNTIF(Alimenti!AC2:AC182,B17) -> 30
A18: 17 | B18: Bevande vegetali | C18: bevande_vegetali | D18: =COUNTIF(Alimenti!AC2:AC182,B18) -> 4
B19: Totale | D19: =SUM(D2:D18) -> 181
